series,date,hour,bucket,price,model_p,edge,won,determined,source,state,last_observation_utc,cutoff_utc,global_anchor,state_anchor,weather_weight,train_end
KXHIGHNY,2026-06-26,13,81-82,0.395,0.0136999999999999,-0.3813,0,False,hourly_snapshot,rising,2026-06-26 16:51:00+00:00,2026-06-26 17:00:00+00:00,0.3631430635980578,0.35434218883085544,0.10662945494137051,2026-06-24
KXHIGHNY,2026-06-26,13,83-84,0.195,0.0084465346534653,-0.1865534653465346,0,False,hourly_snapshot,rising,2026-06-26 16:51:00+00:00,2026-06-26 17:00:00+00:00,0.17941378997873988,0.17510790567267515,0.10662945494137051,2026-06-24
KXHIGHNY,2026-06-26,13,85-86,0.055,0.0036455445544554,-0.0513544554455445,0,False,hourly_snapshot,rising,2026-06-26 16:51:00+00:00,2026-06-26 17:00:00+00:00,0.050709426642840054,0.04952410240703068,0.10662945494137051,2026-06-24
KXHIGHNY,2026-06-26,14,81-82,0.3399999999999999,0.0078999999999999,-0.3321,0,False,metar_6h_group,near_peak_flat_or_cooling,2026-06-26 17:51:00+00:00,2026-06-26 18:00:00+00:00,0.312253636037018,0.3242945109643498,0.0472914454551344,2026-06-24
KXHIGHNY,2026-06-26,14,83-84,0.145,0.0026,-0.1423999999999999,0,False,metar_6h_group,near_peak_flat_or_cooling,2026-06-26 17:51:00+00:00,2026-06-26 18:00:00+00:00,0.13310273342870033,0.13826569816718884,0.0472914454551344,2026-06-24
KXHIGHNY,2026-06-26,15,81-82,0.445,0.0334297029702969,-0.411570297029703,0,False,hourly_snapshot,rising,2026-06-26 18:51:00+00:00,2026-06-26 19:00:00+00:00,0.4106140341531505,0.4011144835576648,0.10662945494137051,2026-06-24
KXHIGHNY,2026-06-26,15,83-84,0.1149999999999999,0.0033019801980198,-0.1116980198019801,0,False,hourly_snapshot,rising,2026-06-26 18:51:00+00:00,2026-06-26 19:00:00+00:00,0.1056678292340556,0.10308970103048434,0.10662945494137051,2026-06-24
KXHIGHNY,2026-06-26,16,81-82,0.285,0.0824019801980199,-0.20259801980198,0,False,hourly_snapshot,rising,2026-06-26 19:51:00+00:00,2026-06-26 20:00:00+00:00,0.2680732960084157,0.26339708357631386,0.10662945494137051,2026-06-24
KXHIGHNY,2026-06-26,16,83-84,0.1,0.0111574257425742,-0.0888425742574257,0,False,hourly_snapshot,rising,2026-06-26 19:51:00+00:00,2026-06-26 20:00:00+00:00,0.09257736103355983,0.09052676473134245,0.10662945494137051,2026-06-24
KXHIGHNY,2026-06-26,17,81-82,0.19,0.2231623762376235,0.0331623762376235,0,False,hourly_snapshot,rising,2026-06-26 20:51:00+00:00,2026-06-26 21:00:00+00:00,0.19277065751570746,0.19353608610277845,0.10662945494137051,2026-06-24
KXHIGHNY,2026-06-27,13,76-77,0.5900000000000001,0.1777108910891088,-0.4122891089108912,0,False,hourly_snapshot,below_peak,2026-06-27 16:51:00+00:00,2026-06-27 17:00:00+00:00,0.5613478337780806,0.5334751401044321,0.13710005594104796,2026-06-25
KXHIGHNY,2026-06-27,13,78-79,0.355,0.5341782178217822,0.1791782178217822,1,False,hourly_snapshot,below_peak,2026-06-27 16:51:00+00:00,2026-06-27 17:00:00+00:00,0.36745204874302556,0.37956534368678363,0.13710005594104796,2026-06-25
KXHIGHNY,2026-06-27,13,80-81,0.045,0.2100920792079213,0.1650920792079213,0,False,hourly_snapshot,below_peak,2026-06-27 16:51:00+00:00,2026-06-27 17:00:00+00:00,0.056473127941417456,0.06763413329482992,0.13710005594104796,2026-06-25
KXHIGHNY,2026-06-27,17,82-83,0.04,0.0,-0.04,0,False,metar_6h_group,below_peak,2026-06-27 20:51:00+00:00,2026-06-27 21:00:00+00:00,0.03722018694138127,0.034515997762358086,0.13710005594104796,2026-06-25
KXHIGHNY,2026-06-28,13,81-82,0.5800000000000001,0.1777108910891088,-0.4022891089108912,1,False,hourly_snapshot,rising,2026-06-28 16:51:00+00:00,2026-06-28 17:00:00+00:00,0.5427394102056847,0.526466090158873,0.1330732268294765,2026-06-26
KXHIGHNY,2026-06-28,13,83-84,0.3249999999999999,0.5341782178217822,0.2091782178217822,0,False,hourly_snapshot,rising,2026-06-28 16:51:00+00:00,2026-06-28 17:00:00+00:00,0.3443743842314403,0.35283602042798357,0.1330732268294765,2026-06-26
KXHIGHNY,2026-06-28,14,81-82,0.955,0.7533,-0.2017,1,False,metar_6h_group,below_peak,2026-06-28 17:51:00+00:00,2026-06-28 18:00:00+00:00,0.9363182589460106,0.9238485184372622,0.1544446284716791,2026-06-26
KXHIGHNY,2026-06-28,14,83-84,0.035,0.2152,0.1802,0,False,metar_6h_group,below_peak,2026-06-28 17:51:00+00:00,2026-06-28 18:00:00+00:00,0.05169038045577039,0.06283092205059658,0.1544446284716791,2026-06-26
KXHIGHNY,2026-06-28,15,81-82,0.865,0.8845,0.0194999999999999,1,False,metar_6h_group,rising,2026-06-28 18:51:00+00:00,2026-06-28 19:00:00+00:00,0.866806117751873,0.8675949279231748,0.1330732268294765,2026-06-26
KXHIGHNY,2026-06-28,15,83-84,0.0849999999999999,0.1076,0.0226,0,False,metar_6h_group,rising,2026-06-28 18:51:00+00:00,2026-06-28 19:00:00+00:00,0.08709324416370917,0.08800745492634608,0.1330732268294765,2026-06-26
KXHIGHNY,2026-06-28,16,81-82,0.93,0.9516,0.0216,1,False,metar_6h_group,below_peak,2026-06-28 19:51:00+00:00,2026-06-28 20:00:00+00:00,0.9320006227405363,0.9333360039749883,0.1544446284716791,2026-06-26
KXHIGHNY,2026-06-28,16,83-84,0.065,0.0484,-0.0166,0,False,metar_6h_group,below_peak,2026-06-28 19:51:00+00:00,2026-06-28 20:00:00+00:00,0.06346248437532859,0.062436219167370126,0.1544446284716791,2026-06-26
KXHIGHNY,2026-06-29,13,85-86,0.375,0.490594059405941,0.115594059405941,0,False,hourly_snapshot,rising,2026-06-29 16:51:00+00:00,2026-06-29 17:00:00+00:00,0.38968705650214736,0.3924064932381248,0.15058293936193584,2026-06-27
KXHIGHNY,2026-06-29,17,81-82,0.05,0.0,-0.05,0,True,metar_6h_group,below_peak,2026-06-29 20:51:00+00:00,2026-06-29 21:00:00+00:00,0.043647140442326,0.040031250848035535,0.1993749830392894,2026-06-27
KXHIGHNY,2026-06-30,13,87-88,0.2299999999999999,0.490594059405941,0.260594059405941,1,False,hourly_snapshot,rising,2026-06-30 16:51:00+00:00,2026-06-30 17:00:00+00:00,0.2591510840220754,0.26206122128878195,0.1230312823011771,2026-06-28
KXHIGHNY,2026-06-30,13,89-90,0.655,0.3617603960396039,-0.2932396039603961,0,False,hourly_snapshot,rising,2026-06-30 16:51:00+00:00,2026-06-30 17:00:00+00:00,0.6221970560144904,0.6189223555032631,0.1230312823011771,2026-06-28
KXHIGHNY,2026-06-30,14,87-88,0.86,0.8937,0.0337,1,False,metar_6h_group,below_peak,2026-06-30 17:51:00+00:00,2026-06-30 18:00:00+00:00,0.8637698155275813,0.8663931208617072,0.18970685049576042,2026-06-28
KXHIGHNY,2026-06-30,14,89-90,0.12,0.0931999999999999,-0.0268,0,False,metar_6h_group,below_peak,2026-06-30 17:51:00+00:00,2026-06-30 18:00:00+00:00,0.11700204581189384,0.11491585640671359,0.18970685049576042,2026-06-28
KXHIGHNY,2026-07-01,13,92-93,0.27,0.5341782178217822,0.2641782178217822,1,False,hourly_snapshot,rising,2026-07-01 16:51:00+00:00,2026-07-01 17:00:00+00:00,0.297127011267884,0.2977680149592914,0.10511091788053481,2026-06-29
KXHIGHNY,2026-07-01,13,94-95,0.69,0.2100920792079213,-0.4799079207920786,0,False,hourly_snapshot,rising,2026-07-01 16:51:00+00:00,2026-07-01 17:00:00+00:00,0.6407208895486761,0.6395564379474056,0.10511091788053481,2026-06-29
KXHIGHNY,2026-07-01,13,96-97,0.08,0.051189108910891,-0.0288108910891089,0,False,hourly_snapshot,rising,2026-07-01 16:51:00+00:00,2026-07-01 17:00:00+00:00,0.07704156772024527,0.07697166079266764,0.10511091788053481,2026-06-29
KXHIGHNY,2026-07-01,14,92-93,0.625,0.8937,0.2687,1,False,metar_6h_group,near_peak_flat_or_cooling,2026-07-01 17:51:00+00:00,2026-07-01 18:00:00+00:00,0.6525913282623388,0.6400498154158212,0.05600973359070018,2026-06-29
KXHIGHNY,2026-07-01,14,94-95,0.36,0.0931999999999999,-0.2668,0,False,metar_6h_group,near_peak_flat_or_cooling,2026-07-01 17:51:00+00:00,2026-07-01 18:00:00+00:00,0.3326037723096688,0.3450566030780012,0.05600973359070018,2026-06-29
KXHIGHNY,2026-07-01,15,92-93,0.825,0.9619,0.1369,1,False,metar_6h_group,near_peak_flat_or_cooling,2026-07-01 18:51:00+00:00,2026-07-01 19:00:00+00:00,0.8390575096357059,0.8326677325285669,0.05600973359070018,2026-06-29
KXHIGHNY,2026-07-01,15,94-95,0.1649999999999999,0.0329,-0.1320999999999999,0,False,metar_6h_group,near_peak_flat_or_cooling,2026-07-01 18:51:00+00:00,2026-07-01 19:00:00+00:00,0.15143537601989215,0.15760111419266842,0.05600973359070018,2026-06-29
KXHIGHNY,2026-07-01,16,92-93,0.895,0.9843,0.0892999999999999,1,True,metar_6h_group,near_peak_flat_or_cooling,2026-07-01 19:51:00+00:00,2026-07-01 20:00:00+00:00,0.9041697268843575,0.9000016692096495,0.05600973359070018,2026-06-29
KXHIGHNY,2026-07-01,16,94-95,0.13,0.0157,-0.1142999999999999,0,True,metar_6h_group,near_peak_flat_or_cooling,2026-07-01 19:51:00+00:00,2026-07-01 20:00:00+00:00,0.11826316032606878,0.12359808745058297,0.05600973359070018,2026-06-29
KXHIGHNY,2026-07-01,18,98-99,0.045,0.0,-0.045,0,False,metar_6h_group,rising,2026-07-01 21:51:00+00:00,2026-07-01 22:00:00+00:00,0.04037919697876723,0.04027000869537593,0.10511091788053481,2026-06-29
KXHIGHNY,2026-07-02,13,101-102,0.33,0.2100920792079213,-0.1199079207920787,0,False,hourly_snapshot,rising,2026-07-02 16:51:00+00:00,2026-07-02 17:00:00+00:00,0.31311016828851346,0.3088360335579705,0.1765018215829794,2026-06-30
KXHIGHNY,2026-07-02,13,99-100,0.67,0.5341782178217822,-0.1358217821782178,1,False,hourly_snapshot,rising,2026-07-02 16:51:00+00:00,2026-07-02 17:00:00+00:00,0.6508685945966647,0.646027208034898,0.1765018215829794,2026-06-30
KXHIGHNY,2026-07-02,14,101-102,0.645,0.2152,-0.4297999999999999,0,False,metar_6h_group,rising,2026-07-02 17:51:00+00:00,2026-07-02 18:00:00+00:00,0.5844597986384527,0.5691395170836355,0.1765018215829794,2026-06-30
KXHIGHNY,2026-07-02,14,99-100,0.3299999999999999,0.7533,0.4233,1,False,metar_6h_group,rising,2026-07-02 17:51:00+00:00,2026-07-02 18:00:00+00:00,0.3896246329370474,0.4047132210760751,0.1765018215829794,2026-06-30
KXHIGHNY,2026-07-02,15,101-102,0.28,0.1076,-0.1724,0,False,metar_6h_group,near_peak_flat_or_cooling,2026-07-02 18:51:00+00:00,2026-07-02 19:00:00+00:00,0.25571630824864877,0.2667543499538084,0.07683091674125056,2026-06-30
KXHIGHNY,2026-07-02,15,99-100,0.725,0.8845,0.1594999999999999,1,False,metar_6h_group,near_peak_flat_or_cooling,2026-07-02 18:51:00+00:00,2026-07-02 19:00:00+00:00,0.7474666405704207,0.7372545312202294,0.07683091674125056,2026-06-30
KXHIGHNY,2026-07-02,16,101-102,0.21,0.0484,-0.1616,0,True,metar_6h_group,below_peak,2026-07-02 19:51:00+00:00,2026-07-02 20:00:00+00:00,0.18723756040012549,0.1748278834245238,0.21764923623438243,2026-06-30
KXHIGHNY,2026-07-02,16,99-100,0.805,0.9516,0.1465999999999999,1,True,metar_6h_group,below_peak,2026-07-02 19:51:00+00:00,2026-07-02 20:00:00+00:00,0.8256495893894902,0.8369073780319605,0.21764923623438243,2026-06-30
KXHIGHNY,2026-07-02,17,99-100,0.965,0.9869,0.0219,1,True,metar_6h_group,below_peak,2026-07-02 20:51:00+00:00,2026-07-02 21:00:00+00:00,0.9680847613071611,0.969766518273533,0.21764923623438243,2026-06-30
KXHIGHNY,2026-07-03,13,100-101,0.51,0.2100920792079213,-0.2999079207920787,0,False,hourly_snapshot,rising,2026-07-03 16:51:00+00:00,2026-07-03 17:00:00+00:00,0.45941346529860455,0.4435561704054644,0.22154743168854163,2026-07-01
KXHIGHNY,2026-07-03,13,102-103,0.075,0.051189108910891,-0.0238108910891089,0,False,hourly_snapshot,rising,2026-07-03 16:51:00+00:00,2026-07-03 17:00:00+00:00,0.0709837323896976,0.06972475823299232,0.22154743168854163,2026-07-01
KXHIGHNY,2026-07-03,13,98-99,0.4,0.5341782178217822,0.1341782178217822,1,False,hourly_snapshot,rising,2026-07-03 16:51:00+00:00,2026-07-03 17:00:00+00:00,0.4226323167927223,0.42972683954696156,0.22154743168854163,2026-07-01
KXHIGHNY,2026-07-03,14,100-101,0.195,0.0931999999999999,-0.1018,0,False,metar_6h_group,near_peak_flat_or_cooling,2026-07-03 17:51:00+00:00,2026-07-03 18:00:00+00:00,0.17782903226096428,0.18580126728265944,0.09036083219391508,2026-07-01
KXHIGHNY,2026-07-03,14,102-103,0.055,0.0051999999999999,-0.0498,0,False,metar_6h_group,near_peak_flat_or_cooling,2026-07-03 17:51:00+00:00,2026-07-03 18:00:00+00:00,0.046600057039253635,0.05050003055674302,0.09036083219391508,2026-07-01
KXHIGHNY,2026-07-03,14,98-99,0.755,0.8937,0.1387,1,False,metar_6h_group,near_peak_flat_or_cooling,2026-07-03 17:51:00+00:00,2026-07-03 18:00:00+00:00,0.7783950218605525,0.767533047425296,0.09036083219391508,2026-07-01
KXHIGHNY,2026-07-03,15,100-101,0.095,0.0329,-0.0620999999999999,0,False,metar_6h_group,near_peak_flat_or_cooling,2026-07-03 18:51:00+00:00,2026-07-03 19:00:00+00:00,0.08452537233208136,0.08938859232075788,0.09036083219391508,2026-07-01
KXHIGHNY,2026-07-03,15,98-99,0.915,0.9619,0.0468999999999999,1,False,metar_6h_group,near_peak_flat_or_cooling,2026-07-03 18:51:00+00:00,2026-07-03 19:00:00+00:00,0.9229107896558033,0.9192379230298946,0.09036083219391508,2026-07-01
KXHIGHNY,2026-07-03,16,100-101,0.08,0.0157,-0.0642999999999999,0,False,metar_6h_group,near_peak_flat_or_cooling,2026-07-03 19:51:00+00:00,2026-07-03 20:00:00+00:00,0.06915429051453835,0.07418979848993126,0.09036083219391508,2026-07-01
KXHIGHNY,2026-07-03,16,98-99,0.925,0.9843,0.0592999999999999,1,False,metar_6h_group,near_peak_flat_or_cooling,2026-07-03 19:51:00+00:00,2026-07-03 20:00:00+00:00,0.9350023417183184,0.9303583973490992,0.09036083219391508,2026-07-01
KXHIGHNY,2026-07-03,17,100-101,0.04,0.0026,-0.0373999999999999,0,False,metar_6h_group,rising,2026-07-03 20:51:00+00:00,2026-07-03 21:00:00+00:00,0.033691609101768806,0.031714126054848545,0.22154743168854163,2026-07-01
KXHIGHNY,2026-07-03,17,98-99,0.945,0.9974,0.0524,1,False,metar_6h_group,rising,2026-07-03 20:51:00+00:00,2026-07-03 21:00:00+00:00,0.9538384941996607,0.9566090854204795,0.22154743168854163,2026-07-01
KXHIGHNY,2026-07-04,13,98-99,0.075,0.051189108910891,-0.0238108910891089,0,False,hourly_snapshot,rising,2026-07-04 16:51:00+00:00,2026-07-04 17:00:00+00:00,0.07036585879128311,0.0687318864276859,0.2632456529600902,2026-07-02
KXHIGHNY,2026-07-04,14,98-99,0.035,0.0051999999999999,-0.0298,0,False,metar_6h_group,near_peak_flat_or_cooling,2026-07-04 17:51:00+00:00,2026-07-04 18:00:00+00:00,0.02920024191858453,0.031947495746623436,0.10243302863679711,2026-07-02
KXHIGHNY,2026-07-04,15,98-99,0.03,0.0039,-0.0260999999999999,0,False,metar_6h_group,near_peak_flat_or_cooling,2026-07-04 18:51:00+00:00,2026-07-04 19:00:00+00:00,0.02492034610990123,0.027326497952579593,0.10243302863679711,2026-07-02
KXHIGHNY,2026-07-05,13,84-85,0.195,0.103690099009901,-0.0913099009900989,0,False,hourly_snapshot,rising,2026-07-05 16:51:00+00:00,2026-07-05 17:00:00+00:00,0.17647579634479477,0.16963479390338299,0.2777925046635133,2026-07-03
KXHIGHNY,2026-07-05,14,84-85,0.13,0.0051999999999999,-0.1248,0,False,metar_6h_group,near_peak_flat_or_cooling,2026-07-05 17:51:00+00:00,2026-07-05 18:00:00+00:00,0.10468159979255379,0.1169042757547692,0.10493368786242623,2026-07-03
KXHIGHNY,2026-07-05,15,84-85,0.135,0.0039,-0.1311,0,False,metar_6h_group,near_peak_flat_or_cooling,2026-07-05 18:51:00+00:00,2026-07-05 19:00:00+00:00,0.10840350747438945,0.12124319352123593,0.10493368786242623,2026-07-03
KXHIGHNY,2026-07-05,16,84-85,0.035,0.0,-0.035,0,False,metar_6h_group,near_peak_flat_or_cooling,2026-07-05 19:51:00+00:00,2026-07-05 20:00:00+00:00,0.02789948712130916,0.031327320924815084,0.10493368786242623,2026-07-03
KXHIGHNY,2026-07-08,13,82-83,0.375,0.5341782178217822,0.1591782178217822,0,False,hourly_snapshot,rising,2026-07-08 16:51:00+00:00,2026-07-08 17:00:00+00:00,0.4077747842875306,0.42014932696474017,0.2836401084430402,2026-07-05
KXHIGHNY,2026-07-09,13,83-84,0.29,0.3617603960396039,0.0717603960396038,0,False,hourly_snapshot,below_peak,2026-07-09 16:51:00+00:00,2026-07-09 17:00:00+00:00,0.3047754606928633,0.30920977306155195,0.26769324197918637,2026-07-05
KXHIGHNY,2026-07-10,15,87-88,0.045,0.0329,-0.0120999999999999,0,False,metar_6h_group,rising,2026-07-10 18:51:00+00:00,2026-07-10 19:00:00+00:00,0.042807822377861474,0.04191852958521704,0.25466697642834374,2026-07-08
KXHIGHNY,2026-07-10,17,93-94,0.03,0.0,-0.03,0,False,metar_6h_group,below_peak,2026-07-10 20:51:00+00:00,2026-07-10 21:00:00+00:00,0.024564848870730936,0.022463767302253194,0.25120775659156014,2026-07-08
KXHIGHNY,2026-07-11,13,81-82,0.1149999999999999,0.0772999999999999,-0.0377,1,False,metar_6h_group,rising,2026-07-11 16:51:00+00:00,2026-07-11 17:00:00+00:00,0.10849591243820891,0.10554291632276477,0.2508510259213559,2026-07-09
KXHIGHNY,2026-07-11,14,81-82,0.11,0.021,-0.0889999999999999,1,False,metar_6h_group,near_peak_flat_or_cooling,2026-07-11 17:51:00+00:00,2026-07-11 18:00:00+00:00,0.09464552273211146,0.10232276136605574,0.08626110824656479,2026-07-09
KXHIGHNY,2026-07-11,15,81-82,0.605,0.2622237623762387,-0.3427762376237613,1,False,hourly_snapshot,rising,2026-07-11 18:51:00+00:00,2026-07-11 19:00:00+00:00,0.545863483723973,0.519014229130617,0.2508510259213559,2026-07-09
KXHIGHNY,2026-07-11,15,83-84,0.055,0.0334297029702969,-0.021570297029703,0,False,hourly_snapshot,rising,2026-07-11 18:51:00+00:00,2026-07-11 19:00:00+00:00,0.05127864454602045,0.049589068860670604,0.2508510259213559,2026-07-09
KXHIGHNY,2026-07-11,16,81-82,0.89,0.7264158415841576,-0.1635841584158424,1,False,hourly_snapshot,rising,2026-07-11 19:51:00+00:00,2026-07-11 20:00:00+00:00,0.8617780984069356,0.8489647460369043,0.2508510259213559,2026-07-09
KXHIGHNY,2026-07-11,16,83-84,0.105,0.2385188118811887,0.1335188118811887,0,False,hourly_snapshot,rising,2026-07-11 19:51:00+00:00,2026-07-11 20:00:00+00:00,0.12803496136927187,0.1384933309401967,0.2508510259213559,2026-07-09
KXHIGHNY,2026-07-11,17,81-82,0.96,0.7459445544554459,-0.214055445544554,1,False,hourly_snapshot,below_peak,2026-07-11 20:51:00+00:00,2026-07-11 21:00:00+00:00,0.9230706800822291,0.9083841120463612,0.24113326256348536,2026-07-09
KXHIGHNY,2026-07-11,17,83-84,0.05,0.2231623762376235,0.1731623762376235,0,False,hourly_snapshot,below_peak,2026-07-11 20:51:00+00:00,2026-07-11 21:00:00+00:00,0.07987435696173203,0.09175520873542391,0.24113326256348536,2026-07-09
KXHIGHNY,2026-07-12,13,82-83,0.19,0.1777108910891088,-0.0122891089108911,0,False,hourly_snapshot,rising,2026-07-12 16:51:00+00:00,2026-07-12 17:00:00+00:00,0.187884770012763,0.186916969522061,0.2508750227778267,2026-07-10
KXHIGHNY,2026-07-12,13,84-85,0.81,0.5341782178217822,-0.2758217821782178,1,False,hourly_snapshot,rising,2026-07-12 16:51:00+00:00,2026-07-12 17:00:00+00:00,0.7625249138056335,0.7408032041134189,0.2508750227778267,2026-07-10
KXHIGHNY,2026-07-12,14,84-85,0.95,0.8937,-0.0562999999999999,1,False,metar_6h_group,near_peak_flat_or_cooling,2026-07-12 17:51:00+00:00,2026-07-12 18:00:00+00:00,0.9403095131514456,0.9451547565757228,0.08606116206531385,2026-07-10
KXHIGHNY,2026-07-12,14,86-87,0.065,0.0931999999999999,0.0281999999999999,0,False,metar_6h_group,near_peak_flat_or_cooling,2026-07-12 17:51:00+00:00,2026-07-12 18:00:00+00:00,0.06985384954048368,0.06742692477024184,0.08606116206531385,2026-07-10
KXHIGHNY,2026-07-12,15,84-85,0.945,0.9619,0.0168999999999999,1,False,metar_6h_group,near_peak_flat_or_cooling,2026-07-12 18:51:00+00:00,2026-07-12 19:00:00+00:00,0.9479088672778075,0.9464544336389038,0.08606116206531385,2026-07-10
KXHIGHNY,2026-07-13,13,82-83,0.21,0.490594059405941,0.280594059405941,0,False,hourly_snapshot,rising,2026-07-13 16:51:00+00:00,2026-07-13 17:00:00+00:00,0.2538417646016675,0.2747932967307424,0.23091471311944156,2026-07-11
KXHIGHNY,2026-07-13,13,84-85,0.765,0.3617603960396039,-0.4032396039603961,1,False,hourly_snapshot,rising,2026-07-13 16:51:00+00:00,2026-07-13 17:00:00+00:00,0.7019953311473173,0.6718860425330879,0.23091471311944156,2026-07-11
KXHIGHNY,2026-07-13,13,86-87,0.035,0.103690099009901,0.068690099009901,0,False,hourly_snapshot,rising,2026-07-13 16:51:00+00:00,2026-07-13 17:00:00+00:00,0.04573256916997136,0.050861554507017334,0.23091471311944156,2026-07-11
KXHIGHNY,2026-07-13,14,82-83,0.255,0.238669306930693,-0.0163306930693069,0,False,hourly_snapshot,rising,2026-07-13 17:51:00+00:00,2026-07-13 18:00:00+00:00,0.2524483907362742,0.2512290026948593,0.23091471311944156,2026-07-11
KXHIGHNY,2026-07-13,14,84-85,0.715,0.5768514851485153,-0.1381485148514847,1,False,hourly_snapshot,rising,2026-07-13 17:51:00+00:00,2026-07-13 18:00:00+00:00,0.6934148150498566,0.6830994753251924,0.23091471311944156,2026-07-11
KXHIGHNY,2026-07-13,15,82-83,0.4649999999999999,0.2802376237623763,-0.1847623762376236,0,False,hourly_snapshot,near_peak_flat_or_cooling,2026-07-13 18:51:00+00:00,2026-07-13 19:00:00+00:00,0.4361315748330375,0.45080241385231345,0.0768424093519282,2026-07-11
KXHIGHNY,2026-07-13,15,84-85,0.525,0.5932554455445557,0.0682554455445556,1,False,hourly_snapshot,near_peak_flat_or_cooling,2026-07-13 18:51:00+00:00,2026-07-13 19:00:00+00:00,0.5356646562036338,0.530244912887033,0.0768424093519282,2026-07-11
KXHIGHNY,2026-07-13,16,82-83,0.725,0.3014970297029702,-0.4235029702970297,0,False,hourly_snapshot,below_peak,2026-07-13 19:51:00+00:00,2026-07-13 20:00:00+00:00,0.6588292565025122,0.628508985972861,0.22784022969062914,2026-07-11
KXHIGHNY,2026-07-13,16,84-85,0.275,0.594887128712871,0.3198871287128709,1,False,hourly_snapshot,below_peak,2026-07-13 19:51:00+00:00,2026-07-13 20:00:00+00:00,0.32498115863830035,0.3478831568810164,0.22784022969062914,2026-07-11
KXHIGHNY,2026-07-14,13,90-91,0.39,0.103690099009901,-0.2863099009900989,1,False,hourly_snapshot,rising,2026-07-14 16:51:00+00:00,2026-07-14 17:00:00+00:00,0.34678164116783083,0.32719692905171727,0.21935347234273447,2026-07-12
KXHIGHNY,2026-07-14,13,92-93,0.215,0.0263831683168316,-0.1886168316831683,0,False,hourly_snapshot,rising,2026-07-14 16:51:00+00:00,2026-07-14 17:00:00+00:00,0.18652836878752604,0.1736262430280119,0.21935347234273447,2026-07-12
KXHIGHNY,2026-07-14,13,94-95,0.065,0.0066386138613861,-0.0583613861386138,0,False,hourly_snapshot,rising,2026-07-14 16:51:00+00:00,2026-07-14 17:00:00+00:00,0.056190373370396916,0.05219822729975991,0.21935347234273447,2026-07-12
KXHIGHNY,2026-07-14,14,90-91,0.325,0.2152,-0.1097999999999999,1,False,metar_6h_group,rising,2026-07-14 17:51:00+00:00,2026-07-14 18:00:00+00:00,0.30842573629706127,0.30091498873676775,0.21935347234273447,2026-07-12
KXHIGHNY,2026-07-14,14,92-93,0.4,0.021,-0.379,0,False,metar_6h_group,rising,2026-07-14 17:51:00+00:00,2026-07-14 18:00:00+00:00,0.34279010980497476,0.31686503398210364,0.21935347234273447,2026-07-12
KXHIGHNY,2026-07-14,14,94-95,0.175,0.0078999999999999,-0.1671,0,False,metar_6h_group,rising,2026-07-14 17:51:00+00:00,2026-07-14 18:00:00+00:00,0.14977632545754954,0.13834603477152904,0.21935347234273447,2026-07-12
KXHIGHNY,2026-07-14,14,96-97,0.035,0.0026,-0.0323999999999999,0,False,metar_6h_group,rising,2026-07-14 17:51:00+00:00,2026-07-14 18:00:00+00:00,0.030109233661427922,0.027892947496095406,0.21935347234273447,2026-07-12
KXHIGHNY,2026-07-14,15,90-91,0.3399999999999999,0.1076,-0.2323999999999999,1,False,metar_6h_group,near_peak_flat_or_cooling,2026-07-14 18:51:00+00:00,2026-07-14 19:00:00+00:00,0.30491931799122984,0.32302547644736923,0.07304011855693071,2026-07-12
KXHIGHNY,2026-07-14,15,92-93,0.045,0.0052999999999999,-0.0397,0,False,metar_6h_group,near_peak_flat_or_cooling,2026-07-14 18:51:00+00:00,2026-07-14 19:00:00+00:00,0.03900730173946568,0.04210030729328984,0.07304011855693071,2026-07-12
KXHIGHNY,2026-07-14,15,94-95,0.035,0.0013,-0.0336999999999999,0,False,metar_6h_group,near_peak_flat_or_cooling,2026-07-14 18:51:00+00:00,2026-07-14 19:00:00+00:00,0.029912999209571637,0.03253854800463144,0.07304011855693071,2026-07-12
KXHIGHNY,2026-07-14,16,90-91,0.755,0.0484,-0.7066,1,False,metar_6h_group,rising,2026-07-14 19:51:00+00:00,2026-07-14 20:00:00+00:00,0.6483390279371903,0.6000048364426238,0.21935347234273447,2026-07-12
KXHIGHNY,2026-07-14,16,92-93,0.04,0.0,-0.04,0,False,metar_6h_group,rising,2026-07-14 19:51:00+00:00,2026-07-14 20:00:00+00:00,0.0339620168659604,0.031225861106290623,0.21935347234273447,2026-07-12
KXHIGHNY,2026-07-14,17,90-91,0.115,0.0131,-0.1019,1,True,metar_6h_group,near_peak_flat_or_cooling,2026-07-14 20:51:00+00:00,2026-07-14 21:00:00+00:00,0.09961823796603411,0.10755721191904877,0.07304011855693071,2026-07-12
KXHIGHNY,2026-07-14,17,92-93,0.03,0.0,-0.03,0,True,metar_6h_group,near_peak_flat_or_cooling,2026-07-14 20:51:00+00:00,2026-07-14 21:00:00+00:00,0.025471512649470295,0.027808796443292077,0.07304011855693071,2026-07-12
KXHIGHNY,2026-07-14,18,90-91,0.08,0.0039,-0.0760999999999999,1,False,metar_6h_group,near_peak_flat_or_cooling,2026-07-14 21:51:00+00:00,2026-07-14 22:00:00+00:00,0.06851273708748966,0.07444164697781758,0.07304011855693071,2026-07-12
KXHIGHNY,2026-07-15,13,97-98,0.535,0.3617603960396039,-0.1732396039603961,0,False,hourly_snapshot,rising,2026-07-15 16:51:00+00:00,2026-07-15 17:00:00+00:00,0.50641351034947,0.49831164141320144,0.21177812548674405,2026-07-13
KXHIGHNY,2026-07-15,13,99-100,0.07,0.103690099009901,0.033690099009901,0,False,hourly_snapshot,rising,2026-07-15 16:51:00+00:00,2026-07-15 17:00:00+00:00,0.0755592465270934,0.07713482601577965,0.21177812548674405,2026-07-13
KXHIGHNY,2026-07-15,14,97-98,0.24,0.3096059405940594,0.0696059405940594,0,False,hourly_snapshot,near_peak_flat_or_cooling,2026-07-15 17:51:00+00:00,2026-07-15 18:00:00+00:00,0.2514857656962917,0.2454694122363294,0.07857680234833572,2026-07-13
KXHIGHNY,2026-07-15,15,97-98,0.12,0.2622237623762387,0.1422237623762386,0,False,hourly_snapshot,near_peak_flat_or_cooling,2026-07-15 18:51:00+00:00,2026-07-15 19:00:00+00:00,0.1434685257774962,0.13117548846547436,0.07857680234833572,2026-07-13
KXHIGHNY,2026-07-15,16,97-98,0.08,0.2385188118811887,0.1585188118811887,0,False,hourly_snapshot,near_peak_flat_or_cooling,2026-07-15 19:51:00+00:00,2026-07-15 20:00:00+00:00,0.10615739283433048,0.09245590134968118,0.07857680234833572,2026-07-13
KXHIGHNY,2026-07-15,17,97-98,0.03,0.2231623762376235,0.1931623762376235,0,False,hourly_snapshot,below_peak,2026-07-15 20:51:00+00:00,2026-07-15 21:00:00+00:00,0.06187397190339306,0.08670711609867526,0.29357226393257657,2026-07-13
KXHIGHNY,2026-07-16,13,89-90,0.035,0.0066386138613861,-0.0283613861386138,0,False,hourly_snapshot,rising,2026-07-16 16:51:00+00:00,2026-07-16 17:00:00+00:00,0.030752619227152233,0.029481074067942103,0.19459295483953468,2026-07-14
KXHIGHNY,2026-07-16,13,91-92,0.045,0.0086633663366336,-0.0363366336633663,0,False,hourly_snapshot,rising,2026-07-16 16:51:00+00:00,2026-07-16 17:00:00+00:00,0.03955825189863804,0.037929147086523826,0.19459295483953468,2026-07-14
KXHIGHNY,2026-07-17,13,85-86,0.55,0.490594059405941,-0.059405940594059,1,False,hourly_snapshot,rising,2026-07-17 16:51:00+00:00,2026-07-17 17:00:00+00:00,0.5410657273707181,0.5378214872919215,0.20500496391932305,2026-07-15
KXHIGHNY,2026-07-17,13,87-88,0.37,0.3617603960396039,-0.008239603960396,0,False,hourly_snapshot,rising,2026-07-17 16:51:00+00:00,2026-07-17 17:00:00+00:00,0.3687608163863186,0.3683108402873895,0.20500496391932305,2026-07-15
KXHIGHNY,2026-07-17,13,89-90,0.075,0.103690099009901,0.028690099009901,0,False,hourly_snapshot,rising,2026-07-17 16:51:00+00:00,2026-07-17 17:00:00+00:00,0.07931480696631171,0.08088161271236656,0.20500496391932305,2026-07-15
KXHIGHNY,2026-07-17,14,85-86,0.705,0.6113227722772279,-0.0936772277227721,1,False,hourly_snapshot,near_peak_flat_or_cooling,2026-07-17 17:51:00+00:00,2026-07-17 18:00:00+00:00,0.6909115454908853,0.6984976363804086,0.06941242581211354,2026-07-15
KXHIGHNY,2026-07-17,14,87-88,0.275,0.3096059405940594,0.0346059405940594,0,False,hourly_snapshot,near_peak_flat_or_cooling,2026-07-17 17:51:00+00:00,2026-07-17 18:00:00+00:00,0.2802045116156444,0.2774020822841436,0.06941242581211354,2026-07-15
KXHIGHNY,2026-07-17,14,89-90,0.035,0.0546514851485148,0.0196514851485148,0,False,hourly_snapshot,near_peak_flat_or_cooling,2026-07-17 17:51:00+00:00,2026-07-17 18:00:00+00:00,0.03795545738576646,0.036364057254969134,0.06941242581211354,2026-07-15
KXHIGHNY,2026-07-17,15,85-86,0.8,0.6900871287128719,-0.1099128712871281,1,False,hourly_snapshot,near_peak_flat_or_cooling,2026-07-17 18:51:00+00:00,2026-07-17 19:00:00+00:00,0.7834698087813027,0.7923706809759858,0.06941242581211354,2026-07-15
KXHIGHNY,2026-07-17,15,87-88,0.195,0.2622237623762387,0.0672237623762386,0,False,hourly_snapshot,near_peak_flat_or_cooling,2026-07-17 18:51:00+00:00,2026-07-17 19:00:00+00:00,0.2051100229072956,0.19966616441875182,0.06941242581211354,2026-07-15
KXHIGHNY,2026-07-17,16,85-86,0.785,0.7264158415841576,-0.0585841584158424,1,False,hourly_snapshot,near_peak_flat_or_cooling,2026-07-17 19:51:00+00:00,2026-07-17 20:00:00+00:00,0.7761893181420897,0.7809335314501953,0.06941242581211354,2026-07-15
KXHIGHNY,2026-07-17,16,87-88,0.215,0.2385188118811887,0.0235188118811887,0,False,hourly_snapshot,near_peak_flat_or_cooling,2026-07-17 19:51:00+00:00,2026-07-17 20:00:00+00:00,0.2185370785339328,0.21663249778489208,0.06941242581211354,2026-07-15
KXHIGHNY,2026-07-17,17,85-86,0.83,0.3126811881188119,-0.517318811881188,1,False,hourly_snapshot,rising,2026-07-17 20:51:00+00:00,2026-07-17 21:00:00+00:00,0.752198567089687,0.72394707563551,0.20500496391932305,2026-07-15
KXHIGHNY,2026-07-17,17,87-88,0.165,0.5950019801980198,0.4300019801980197,0,False,hourly_snapshot,rising,2026-07-17 20:51:00+00:00,2026-07-17 21:00:00+00:00,0.22966954119070676,0.2531525404357325,0.20500496391932305,2026-07-15
KXHIGHNY,2026-07-17,18,85-86,0.905,0.3155960396039604,-0.5894039603960397,1,False,hourly_snapshot,below_peak,2026-07-17 21:51:00+00:00,2026-07-17 22:00:00+00:00,0.8163574228722287,0.7393455856951595,0.2810541249053229,2026-07-15
KXHIGHNY,2026-07-17,18,87-88,0.11,0.5935445544554456,0.4835445544554456,0,False,hourly_snapshot,below_peak,2026-07-17 21:51:00+00:00,2026-07-17 22:00:00+00:00,0.18272200111147857,0.24590219160520954,0.2810541249053229,2026-07-15
KXHIGHNY,2026-07-18,13,79-80,0.09,0.2100920792079213,0.1200920792079213,0,False,hourly_snapshot,below_peak,2026-07-18 17:00:00+00:00,2026-07-18 17:00:00+00:00,0.1080470077516771,0.12374393158061431,0.2809838234392777,2026-07-16
KXHIGHNY,2026-07-18,13,81-82,0.055,0.051189108910891,-0.0038108910891089,0,False,hourly_snapshot,below_peak,2026-07-18 17:00:00+00:00,2026-07-18 17:00:00+00:00,0.054427312929549054,0.05392920125107148,0.2809838234392777,2026-07-16
KXHIGHNY,2026-07-18,14,79-80,0.045,0.1418960396039601,0.0968960396039601,0,False,hourly_snapshot,below_peak,2026-07-18 17:51:00+00:00,2026-07-18 18:00:00+00:00,0.059561189958347686,0.07222621968404438,0.2809838234392777,2026-07-16
KXHIGHNY,2026-07-18,15,79-80,0.065,0.0989574257425745,0.0339574257425745,0,False,hourly_snapshot,below_peak,2026-07-18 18:51:00+00:00,2026-07-18 19:00:00+00:00,0.07010300037808671,0.07454148731930393,0.2809838234392777,2026-07-16
KXHIGHNY,2026-07-18,15,81-82,0.045,0.0154940594059406,-0.0295059405940593,0,False,hourly_snapshot,below_peak,2026-07-18 18:51:00+00:00,2026-07-18 19:00:00+00:00,0.04056595287438082,0.036709307997708995,0.2809838234392777,2026-07-16
KXHIGHNY,2026-07-18,16,79-80,0.12,0.0824019801980199,-0.03759801980198,0,False,hourly_snapshot,rising,2026-07-18 19:51:00+00:00,2026-07-18 20:00:00+00:00,0.11434990417944826,0.11228806120118438,0.20511555766587103,2026-07-16
KXHIGHNY,2026-07-18,17,79-80,0.045,0.072230693069307,0.027230693069307,0,False,hourly_snapshot,below_peak,2026-07-18 20:58:00+00:00,2026-07-18 21:00:00+00:00,0.049092131072645366,0.05265138425351532,0.2809838234392777,2026-07-16
KXHIGHNY,2026-07-18,18,79-80,0.045,0.0708643564356437,0.0258643564356437,0,False,hourly_snapshot,below_peak,2026-07-18 21:59:00+00:00,2026-07-18 22:00:00+00:00,0.048886802894619316,0.05226746576208346,0.2809838234392777,2026-07-16
KXHIGHNY,2026-07-19,13,80-81,0.4649999999999999,0.103690099009901,-0.3613099009900989,0,False,hourly_snapshot,near_peak_flat_or_cooling,2026-07-19 17:00:00+00:00,2026-07-19 17:00:00+00:00,0.4154604374731934,0.44248201703326967,0.0623231826889441,2026-07-17
KXHIGHNY,2026-07-19,13,82-83,0.055,0.0263831683168316,-0.0286168316831683,0,False,hourly_snapshot,near_peak_flat_or_cooling,2026-07-19 17:00:00+00:00,2026-07-19 17:00:00+00:00,0.05107631753626849,0.053216507971031134,0.0623231826889441,2026-07-17
KXHIGHNY,2026-07-19,14,80-81,0.335,0.1418960396039601,-0.1931039603960399,0,False,hourly_snapshot,rising,2026-07-19 17:51:00+00:00,2026-07-19 18:00:00+00:00,0.3085233225162138,0.29915343621868407,0.1856334987008949,2026-07-17
KXHIGHNY,2026-07-19,14,82-83,0.0849999999999999,0.0246108910891088,-0.0603891089108911,0,False,hourly_snapshot,rising,2026-07-19 17:51:00+00:00,2026-07-19 18:00:00+00:00,0.07671998877243268,0.0737897584294418,0.1856334987008949,2026-07-17
KXHIGHNY,2026-07-19,15,80-81,0.47,0.2622237623762387,-0.2077762376237613,0,False,hourly_snapshot,rising,2026-07-19 18:51:00+00:00,2026-07-19 19:00:00+00:00,0.4415115918851363,0.43142977006299266,0.1856334987008949,2026-07-17
KXHIGHNY,2026-07-19,15,82-83,0.045,0.0334297029702969,-0.011570297029703,0,False,hourly_snapshot,rising,2026-07-19 18:51:00+00:00,2026-07-19 19:00:00+00:00,0.04341358498179543,0.04285216528136764,0.1856334987008949,2026-07-17
KXHIGHNY,2026-07-19,16,80-81,0.615,0.594887128712871,-0.020112871287129,0,False,hourly_snapshot,rising,2026-07-19 19:51:00+00:00,2026-07-19 20:00:00+00:00,0.6122423040664207,0.6112663773340494,0.1856334987008949,2026-07-17
KXHIGHNY,2026-07-19,16,82-83,0.06,0.0824019801980199,0.0224019801980199,0,False,hourly_snapshot,rising,2026-07-19 19:51:00+00:00,2026-07-19 20:00:00+00:00,0.06307155794984566,0.0641585579619866,0.1856334987008949,2026-07-17
KXHIGHNY,2026-07-19,17,80-81,0.405,0.5950019801980198,0.1900019801980197,0,False,hourly_snapshot,near_peak_flat_or_cooling,2026-07-19 20:51:00+00:00,2026-07-19 21:00:00+00:00,0.43105136187091314,0.41684152812314235,0.0623231826889441,2026-07-17
KXHIGHNY,2026-07-19,18,80-81,0.09,0.5935445544554456,0.5035445544554457,0,False,hourly_snapshot,near_peak_flat_or_cooling,2026-07-19 21:51:00+00:00,2026-07-19 22:00:00+00:00,0.15904149837056936,0.1213824992593497,0.0623231826889441,2026-07-17
KXHIGHNY,2026-07-20,13,79-80,0.4649999999999999,0.490594059405941,0.025594059405941,0,False,hourly_snapshot,rising,2026-07-20 16:51:00+00:00,2026-07-20 17:00:00+00:00,0.46847955539115405,0.4697626181817498,0.18608295410318468,2026-07-18
KXHIGHNY,2026-07-20,13,81-82,0.515,0.3617603960396039,-0.1532396039603961,1,False,hourly_snapshot,rising,2026-07-20 16:51:00+00:00,2026-07-20 17:00:00+00:00,0.49416681829788406,0.4864847218094474,0.18608295410318468,2026-07-18
KXHIGHNY,2026-07-20,13,83-84,0.045,0.103690099009901,0.058690099009901,0,False,hourly_snapshot,rising,2026-07-20 16:51:00+00:00,2026-07-20 17:00:00+00:00,0.052979017598508295,0.05592122700037077,0.18608295410318468,2026-07-18
KXHIGHNY,2026-07-20,14,79-80,0.54,0.7533,0.2132999999999999,0,False,metar_6h_group,near_peak_flat_or_cooling,2026-07-20 17:51:00+00:00,2026-07-20 18:00:00+00:00,0.568998493484816,0.5531811334021891,0.06179621848189913,2026-07-18
KXHIGHNY,2026-07-20,14,81-82,0.4599999999999999,0.2152,-0.2447999999999999,1,False,metar_6h_group,near_peak_flat_or_cooling,2026-07-20 17:51:00+00:00,2026-07-20 18:00:00+00:00,0.4267190285743883,0.44487228571563103,0.06179621848189913,2026-07-18
KXHIGHNY,2026-07-20,14,83-84,0.035,0.021,-0.0139999999999999,0,False,metar_6h_group,near_peak_flat_or_cooling,2026-07-20 17:51:00+00:00,2026-07-20 18:00:00+00:00,0.03309667647075751,0.034134852941253416,0.06179621848189913,2026-07-18
KXHIGHNY,2026-07-20,15,79-80,0.265,0.8845,0.6194999999999999,0,False,metar_6h_group,rising,2026-07-20 18:51:00+00:00,2026-07-20 19:00:00+00:00,0.3492220661689803,0.3802783900669229,0.18608295410318468,2026-07-18
KXHIGHNY,2026-07-20,15,81-82,0.675,0.1076,-0.5674,1,False,metar_6h_group,rising,2026-07-20 18:51:00+00:00,2026-07-20 19:00:00+00:00,0.597861016393415,0.569416531841853,0.18608295410318468,2026-07-18
KXHIGHNY,2026-07-20,15,83-84,0.03,0.0052999999999999,-0.0247,0,False,metar_6h_group,rising,2026-07-20 18:51:00+00:00,2026-07-20 19:00:00+00:00,0.026641993487693586,0.02540375103365132,0.18608295410318468,2026-07-18
KXHIGHNY,2026-07-20,16,79-80,0.725,0.9516,0.2266,0,True,metar_6h_group,near_peak_flat_or_cooling,2026-07-20 19:51:00+00:00,2026-07-20 20:00:00+00:00,0.7558066508375963,0.7390030231079984,0.06179621848189913,2026-07-18
KXHIGHNY,2026-07-20,16,81-82,0.275,0.0484,-0.2266,1,True,metar_6h_group,near_peak_flat_or_cooling,2026-07-20 19:51:00+00:00,2026-07-20 20:00:00+00:00,0.24419334916240368,0.2609969768920017,0.06179621848189913,2026-07-18
KXHIGHNY,2026-07-21,13,79-80,0.595,0.490594059405941,-0.1044059405940589,0,False,hourly_snapshot,rising,2026-07-21 16:51:00+00:00,2026-07-21 17:00:00+00:00,0.5803281985059388,0.5747275023521826,0.19416996324604696,2026-07-19
KXHIGHNY,2026-07-21,13,81-82,0.325,0.3617603960396039,0.0367603960396039,1,False,hourly_snapshot,rising,2026-07-21 16:51:00+00:00,2026-07-21 17:00:00+00:00,0.3301658098233429,0.33213776474792,0.19416996324604696,2026-07-19
KXHIGHNY,2026-07-21,13,83-84,0.075,0.103690099009901,0.028690099009901,0,False,hourly_snapshot,rising,2026-07-21 16:51:00+00:00,2026-07-21 17:00:00+00:00,0.0790317192213695,0.08057075547027792,0.19416996324604696,2026-07-19
KXHIGHNY,2026-07-21,14,81-82,0.935,0.8937,-0.0413,1,False,metar_6h_group,near_peak_flat_or_cooling,2026-07-21 17:51:00+00:00,2026-07-21 18:00:00+00:00,0.9291962555171003,0.9324013084404927,0.06292231378952434,2026-07-19
KXHIGHNY,2026-07-21,14,83-84,0.05,0.0931999999999999,0.0431999999999999,0,False,metar_6h_group,near_peak_flat_or_cooling,2026-07-21 17:51:00+00:00,2026-07-21 18:00:00+00:00,0.056070744834413294,0.05271824395570745,0.06292231378952434,2026-07-19
KXHIGHNY,2026-07-22,13,84-85,0.355,0.490594059405941,0.135594059405941,1,False,hourly_snapshot,rising,2026-07-22 16:51:00+00:00,2026-07-22 17:00:00+00:00,0.3696435834978984,0.37648932330301327,0.15848277864945864,2026-07-20
KXHIGHNY,2026-07-22,13,86-87,0.64,0.3617603960396039,-0.2782396039603961,0,False,hourly_snapshot,rising,2026-07-22 16:51:00+00:00,2026-07-22 17:00:00+00:00,0.6099513025064155,0.5959038144340315,0.15848277864945864,2026-07-20
KXHIGHNY,2026-07-22,14,84-85,0.25,0.238669306930693,-0.0113306930693069,1,False,hourly_snapshot,rising,2026-07-22 17:51:00+00:00,2026-07-22 18:00:00+00:00,0.24877633319058087,0.24820428027835206,0.15848277864945864,2026-07-20
KXHIGHNY,2026-07-22,14,86-87,0.735,0.5768514851485153,-0.1581485148514847,0,False,hourly_snapshot,rising,2026-07-22 17:51:00+00:00,2026-07-22 18:00:00+00:00,0.7179206309447295,0.7099361839270515,0.15848277864945864,2026-07-20
KXHIGHNY,2026-07-22,15,84-85,0.205,0.2802376237623763,0.0752376237623763,1,False,hourly_snapshot,near_peak_flat_or_cooling,2026-07-22 18:51:00+00:00,2026-07-22 19:00:00+00:00,0.21312534435929387,0.20858471074674728,0.04764518823812046,2026-07-20
KXHIGHNY,2026-07-22,15,86-87,0.78,0.5932554455445557,-0.1867445544554443,0,False,hourly_snapshot,near_peak_flat_or_cooling,2026-07-22 18:51:00+00:00,2026-07-22 19:00:00+00:00,0.7598323799145266,0.7711025205505264,0.04764518823812046,2026-07-20
KXHIGHNY,2026-07-22,16,84-85,0.2249999999999999,0.3014970297029702,0.0764970297029702,1,False,hourly_snapshot,near_peak_flat_or_cooling,2026-07-22 19:51:00+00:00,2026-07-22 20:00:00+00:00,0.23326135486100483,0.228644715379855,0.04764518823812046,2026-07-20
KXHIGHNY,2026-07-22,16,86-87,0.77,0.594887128712871,-0.175112871287129,0,False,hourly_snapshot,near_peak_flat_or_cooling,2026-07-22 19:51:00+00:00,2026-07-22 20:00:00+00:00,0.7510885523784425,0.761656714284607,0.04764518823812046,2026-07-20
KXHIGHNY,2026-07-22,17,84-85,0.61,0.3126811881188119,-0.297318811881188,1,False,hourly_snapshot,rising,2026-07-22 20:51:00+00:00,2026-07-22 21:00:00+00:00,0.5778908289466893,0.5628800885483136,0.15848277864945864,2026-07-20
KXHIGHNY,2026-07-22,17,86-87,0.4,0.5950019801980198,0.1950019801980197,0,False,hourly_snapshot,rising,2026-07-22 20:51:00+00:00,2026-07-22 21:00:00+00:00,0.4210593870542394,0.4309044556639289,0.15848277864945864,2026-07-20
KXHIGHNY,2026-07-22,18,84-85,0.875,0.3155960396039604,-0.5594039603960397,1,False,hourly_snapshot,below_peak,2026-07-22 21:51:00+00:00,2026-07-22 22:00:00+00:00,0.8145867441464361,0.7542646455880648,0.21582856568705464,2026-07-20
KXHIGHNY,2026-07-22,18,86-87,0.14,0.5935445544554456,0.4535445544554456,0,False,hourly_snapshot,below_peak,2026-07-22 21:51:00+00:00,2026-07-22 22:00:00+00:00,0.18898088885518283,0.2378878706632931,0.21582856568705464,2026-07-20
KXHIGHNY,2026-07-23,13,79-80,0.52,0.5341782178217822,0.0141782178217821,1,False,hourly_snapshot,rising,2026-07-23 16:51:00+00:00,2026-07-23 17:00:00+00:00,0.5215945556287294,0.5223600392867885,0.16645528489220734,2026-07-21
KXHIGHNY,2026-07-23,13,81-82,0.48,0.2100920792079213,-0.2699079207920787,0,False,hourly_snapshot,rising,2026-07-23 16:51:00+00:00,2026-07-23 17:00:00+00:00,0.44964476073456466,0.4350724001498912,0.16645528489220734,2026-07-21
KXHIGHNY,2026-07-23,14,79-80,0.61,0.2152,-0.3947999999999999,1,False,metar_6h_group,near_peak_flat_or_cooling,2026-07-23 17:51:00+00:00,2026-07-23 18:00:00+00:00,0.5655987522454895,0.5906951096719519,0.048897898500628215,2026-07-21
KXHIGHNY,2026-07-23,14,81-82,0.19,0.021,-0.1689999999999999,0,False,metar_6h_group,near_peak_flat_or_cooling,2026-07-23 17:51:00+00:00,2026-07-23 18:00:00+00:00,0.17099338685280582,0.18173625515339384,0.048897898500628215,2026-07-21
KXHIGHNY,2026-07-23,15,79-80,0.755,0.6900871287128719,-0.064912871287128,1,False,hourly_snapshot,rising,2026-07-23 18:51:00+00:00,2026-07-23 19:00:00+00:00,0.7476995631193606,0.74419490951673,0.16645528489220734,2026-07-21
KXHIGHNY,2026-07-23,15,81-82,0.2299999999999999,0.2622237623762387,0.0322237623762386,0,False,hourly_snapshot,rising,2026-07-23 18:51:00+00:00,2026-07-23 19:00:00+00:00,0.23362405080255777,0.23536381554663552,0.16645528489220734,2026-07-21
KXHIGHNY,2026-07-23,16,79-80,0.965,0.7264158415841576,-0.2385841584158423,1,False,hourly_snapshot,near_peak_flat_or_cooling,2026-07-23 19:51:00+00:00,2026-07-23 20:00:00+00:00,0.938167592887226,0.9533337360379243,0.048897898500628215,2026-07-21
KXHIGHNY,2026-07-24,13,81-82,0.725,0.490594059405941,-0.2344059405940589,0,False,hourly_snapshot,rising,2026-07-24 16:51:00+00:00,2026-07-24 17:00:00+00:00,0.6966627303882021,0.6841003762992117,0.1744820271923808,2026-07-22
KXHIGHNY,2026-07-24,13,83-84,0.255,0.3617603960396039,0.1067603960396039,1,False,hourly_snapshot,rising,2026-07-24 16:51:00+00:00,2026-07-24 17:00:00+00:00,0.2679062348794126,0.2736277703248515,0.1744820271923808,2026-07-22
KXHIGHNY,2026-07-24,14,81-82,0.79,0.7533,-0.0367,0,False,metar_6h_group,near_peak_flat_or_cooling,2026-07-24 17:51:00+00:00,2026-07-24 18:00:00+00:00,0.7855633471058057,0.7880985773310596,0.05180988198747775,2026-07-22
KXHIGHNY,2026-07-24,14,83-84,0.195,0.2152,0.0202,1,False,metar_6h_group,near_peak_flat_or_cooling,2026-07-24 17:51:00+00:00,2026-07-24 18:00:00+00:00,0.19744197243767644,0.19604655961614706,0.05180988198747775,2026-07-22
KXHIGHNY,2026-07-24,15,81-82,0.875,0.8845,0.0094999999999999,0,False,metar_6h_group,near_peak_flat_or_cooling,2026-07-24 18:51:00+00:00,2026-07-24 19:00:00+00:00,0.8761484523840557,0.875492193878881,0.05180988198747775,2026-07-22
KXHIGHNY,2026-07-24,15,83-84,0.125,0.1076,-0.0173999999999999,1,False,metar_6h_group,near_peak_flat_or_cooling,2026-07-24 18:51:00+00:00,2026-07-24 19:00:00+00:00,0.1228965187913084,0.12409850805341789,0.05180988198747775,2026-07-22
KXHIGHNY,2026-07-24,16,81-82,0.935,0.9516,0.0165999999999999,0,True,metar_6h_group,below_peak,2026-07-24 19:51:00+00:00,2026-07-24 20:00:00+00:00,0.9370067694289816,0.9381816453262504,0.19166538109941547,2026-07-22
KXHIGHNY,2026-07-24,16,83-84,0.065,0.0484,-0.0166,1,True,metar_6h_group,below_peak,2026-07-24 19:51:00+00:00,2026-07-24 20:00:00+00:00,0.06299323057101837,0.06181835467374971,0.19166538109941547,2026-07-22
KXHIGHNY,2026-07-25,13,80-81,0.645,0.490594059405941,-0.154405940594059,1,False,hourly_snapshot,rising,2026-07-25 16:51:00+00:00,2026-07-25 17:00:00+00:00,0.6267519872075481,0.6173722382153148,0.17892939661771137,2026-07-23
KXHIGHNY,2026-07-25,13,82-83,0.345,0.3617603960396039,0.0167603960396039,0,False,hourly_snapshot,rising,2026-07-25 16:51:00+00:00,2026-07-25 17:00:00+00:00,0.34698077820167117,0.3479989275504402,0.17892939661771137,2026-07-23
KXHIGHNY,2026-07-25,14,80-81,0.8200000000000001,0.8937,0.0736999999999999,1,False,metar_6h_group,near_peak_flat_or_cooling,2026-07-25 17:51:00+00:00,2026-07-25 18:00:00+00:00,0.8287100181355034,0.8236802893530296,0.04993608348751118,2026-07-23
KXHIGHNY,2026-07-25,14,82-83,0.175,0.0931999999999999,-0.0818,0,False,metar_6h_group,near_peak_flat_or_cooling,2026-07-25 17:51:00+00:00,2026-07-25 18:00:00+00:00,0.16533270714404105,0.17091522837072157,0.04993608348751118,2026-07-23
KXHIGHNY,2026-07-25,15,80-81,0.91,0.9619,0.0518999999999999,1,False,metar_6h_group,near_peak_flat_or_cooling,2026-07-25 18:51:00+00:00,2026-07-25 19:00:00+00:00,0.916133649134771,0.9125916827330018,0.04993608348751118,2026-07-23
KXHIGHNY,2026-07-25,15,82-83,0.08,0.0329,-0.0470999999999999,0,False,metar_6h_group,near_peak_flat_or_cooling,2026-07-25 18:51:00+00:00,2026-07-25 19:00:00+00:00,0.07443362477364712,0.07764801046773823,0.04993608348751118,2026-07-23
KXHIGHNY,2026-07-25,16,80-81,0.9,0.9843,0.0842999999999999,1,True,metar_6h_group,near_peak_flat_or_cooling,2026-07-25 19:51:00+00:00,2026-07-25 20:00:00+00:00,0.9099627480165934,0.9042096118379972,0.04993608348751118,2026-07-23
KXHIGHNY,2026-07-25,16,82-83,0.08,0.0157,-0.0642999999999999,0,True,metar_6h_group,near_peak_flat_or_cooling,2026-07-25 19:51:00+00:00,2026-07-25 20:00:00+00:00,0.07240089326848217,0.07678910983175304,0.04993608348751118,2026-07-23
KXHIGHNY,2026-07-26,13,83-84,0.8,0.490594059405941,-0.309405940594059,0,False,hourly_snapshot,rising,2026-07-26 16:51:00+00:00,2026-07-26 17:00:00+00:00,0.7609094490028196,0.7355173047072934,0.2084080711860281,2026-07-24
KXHIGHNY,2026-07-26,13,85-86,0.21,0.3617603960396039,0.1517603960396039,1,False,hourly_snapshot,rising,2026-07-26 16:51:00+00:00,2026-07-26 17:00:00+00:00,0.22917350872238662,0.24162809142104158,0.2084080711860281,2026-07-24
KXHIGHNY,2026-07-26,14,83-84,0.9,0.7533,-0.1467,0,False,metar_6h_group,near_peak_flat_or_cooling,2026-07-26 17:51:00+00:00,2026-07-26 18:00:00+00:00,0.8814658250572824,0.892277427107201,0.05264194200953631,2026-07-24
KXHIGHNY,2026-07-26,14,85-86,0.105,0.2152,0.1102,1,False,metar_6h_group,near_peak_flat_or_cooling,2026-07-26 17:51:00+00:00,2026-07-26 18:00:00+00:00,0.11892274082268216,0.1108011420094509,0.05264194200953631,2026-07-24
KXHIGHNY,2026-07-26,15,83-84,0.875,0.8845,0.0094999999999999,0,False,metar_6h_group,rising,2026-07-26 18:51:00+00:00,2026-07-26 19:00:00+00:00,0.8762002362778174,0.8769798766762673,0.2084080711860281,2026-07-24
KXHIGHNY,2026-07-26,15,85-86,0.12,0.1076,-0.0123999999999999,1,False,metar_6h_group,rising,2026-07-26 18:51:00+00:00,2026-07-26 19:00:00+00:00,0.1184333758057962,0.11741573991729325,0.2084080711860281,2026-07-24
KXHIGHNY,2026-07-26,16,83-84,0.695,0.9516,0.2566,0,False,metar_6h_group,rising,2026-07-26 19:51:00+00:00,2026-07-26 20:00:00+00:00,0.7274190135671528,0.7484775110663348,0.2084080711860281,2026-07-24
KXHIGHNY,2026-07-26,16,85-86,0.305,0.0484,-0.2566,1,False,metar_6h_group,rising,2026-07-26 19:51:00+00:00,2026-07-26 20:00:00+00:00,0.2725809864328471,0.2515224889336652,0.2084080711860281,2026-07-24
KXHIGHNY,2026-07-27,13,83-84,0.695,0.490594059405941,-0.2044059405940589,1,False,hourly_snapshot,near_peak_flat_or_cooling,2026-07-27 16:51:00+00:00,2026-07-27 17:00:00+00:00,0.6693820138654588,0.6844720604926543,0.05150505644184616,2026-07-25
KXHIGHNY,2026-07-27,13,85-86,0.305,0.3617603960396039,0.0567603960396039,0,False,hourly_snapshot,near_peak_flat_or_cooling,2026-07-27 16:51:00+00:00,2026-07-27 17:00:00+00:00,0.31211372201075793,0.3079234474016813,0.05150505644184616,2026-07-25
KXHIGHNY,2026-07-27,14,83-84,0.925,0.6113227722772279,-0.3136772277227722,1,False,hourly_snapshot,rising,2026-07-27 17:51:00+00:00,2026-07-27 18:00:00+00:00,0.8856871559252676,0.8621111404372541,0.2004890824217788,2026-07-25
KXHIGHNY,2026-07-27,14,85-86,0.06,0.3096059405940594,0.2496059405940594,0,False,hourly_snapshot,rising,2026-07-27 17:51:00+00:00,2026-07-27 18:00:00+00:00,0.09128285560905834,0.11004326599672799,0.2004890824217788,2026-07-25
KXHIGHNY,2026-07-28,13,77-78,0.52,0.1777108910891088,-0.3422891089108911,0,False,hourly_snapshot,rising,2026-07-28 16:51:00+00:00,2026-07-28 17:00:00+00:00,0.47492589153196874,0.45150526012281395,0.20010785647000365,2026-07-26
KXHIGHNY,2026-07-28,13,79-80,0.43,0.5341782178217822,0.1041782178217822,1,False,hourly_snapshot,rising,2026-07-28 16:51:00+00:00,2026-07-28 17:00:00+00:00,0.443718637747623,0.450846879859182,0.20010785647000365,2026-07-26
KXHIGHNY,2026-07-28,13,81-82,0.055,0.2100920792079213,0.1550920792079213,0,False,hourly_snapshot,rising,2026-07-28 16:51:00+00:00,2026-07-28 17:00:00+00:00,0.07542319495058848,0.08603514352577316,0.20010785647000365,2026-07-26
KXHIGHNY,2026-07-28,14,79-80,0.935,0.8937,-0.0413,1,False,metar_6h_group,near_peak_flat_or_cooling,2026-07-28 17:51:00+00:00,2026-07-28 18:00:00+00:00,0.9295614375939308,0.9327951774029449,0.05338553503765308,2026-07-26
KXHIGHNY,2026-07-28,14,81-82,0.055,0.0931999999999999,0.0381999999999999,0,False,metar_6h_group,near_peak_flat_or_cooling,2026-07-28 17:51:00+00:00,2026-07-28 18:00:00+00:00,0.06003034101481458,0.05703932743843834,0.05338553503765308,2026-07-26
KXHIGHNY,2026-07-29,13,78-79,0.37,0.490594059405941,0.120594059405941,0,False,hourly_snapshot,rising,2026-07-29 16:51:00+00:00,2026-07-29 17:00:00+00:00,0.38459600817678136,0.392666883763341,0.18796020197844293,2026-07-27
KXHIGHNY,2026-07-29,13,80-81,0.555,0.3617603960396039,-0.1932396039603961,1,False,hourly_snapshot,rising,2026-07-29 16:51:00+00:00,2026-07-29 17:00:00+00:00,0.531611394845002,0.5186786450093697,0.18796020197844293,2026-07-27
KXHIGHNY,2026-07-29,13,82-83,0.0849999999999999,0.103690099009901,0.018690099009901,0,False,hourly_snapshot,rising,2026-07-29 16:51:00+00:00,2026-07-29 17:00:00+00:00,0.08726214159567397,0.088512994784898,0.18796020197844293,2026-07-27
KXHIGHNY,2026-07-29,14,78-79,0.615,0.7533,0.1382999999999999,0,False,metar_6h_group,near_peak_flat_or_cooling,2026-07-29 17:51:00+00:00,2026-07-29 18:00:00+00:00,0.6317390329241162,0.6216956131696465,0.04841368886223035,2026-07-27
KXHIGHNY,2026-07-29,14,80-81,0.355,0.2152,-0.1397999999999999,1,False,metar_6h_group,near_peak_flat_or_cooling,2026-07-29 17:51:00+00:00,2026-07-29 18:00:00+00:00,0.3380794157426505,0.3482317662970602,0.04841368886223035,2026-07-27
KXHIGHNY,2026-07-29,15,78-79,0.365,0.2802376237623763,-0.0847623762376236,0,False,hourly_snapshot,rising,2026-07-29 18:51:00+00:00,2026-07-29 19:00:00+00:00,0.3547408517240209,0.3490680466422035,0.18796020197844293,2026-07-27
KXHIGHNY,2026-07-29,15,80-81,0.6100000000000001,0.5932554455445557,-0.0167445544554444,1,False,hourly_snapshot,rising,2026-07-29 18:51:00+00:00,2026-07-29 19:00:00+00:00,0.6079733358761437,0.6068526901625158,0.18796020197844293,2026-07-27
KXHIGHNY,2026-07-29,16,78-79,0.445,0.3014970297029702,-0.1435029702970297,0,False,hourly_snapshot,near_peak_flat_or_cooling,2026-07-29 19:51:00+00:00,2026-07-29 20:00:00+00:00,0.4276312296130843,0.4380524918452337,0.04841368886223035,2026-07-27
KXHIGHNY,2026-07-29,16,80-81,0.54,0.594887128712871,0.0548871287128709,1,False,hourly_snapshot,near_peak_flat_or_cooling,2026-07-29 19:51:00+00:00,2026-07-29 20:00:00+00:00,0.5466432209301153,0.5426572883720462,0.04841368886223035,2026-07-27
KXHIGHNY,2026-07-29,18,76-77,0.13,0.0,-0.13,0,False,hourly_snapshot,near_peak_flat_or_cooling,2026-07-29 21:51:00+00:00,2026-07-29 22:00:00+00:00,0.11426555111977514,0.12370622044791006,0.04841368886223035,2026-07-27
KXHIGHNY,2026-07-30,13,77-78,0.285,0.051189108910891,-0.2338108910891089,0,False,hourly_snapshot,near_peak_flat_or_cooling,2026-07-30 16:51:00+00:00,2026-07-30 17:00:00+00:00,0.25409446846407535,0.2728004480779245,0.052177004523822915,2026-07-28
KXHIGHNY,2026-07-30,14,77-78,0.125,0.0051999999999999,-0.1198,0,False,metar_6h_group,below_peak,2026-07-30 17:57:00+00:00,2026-07-30 18:00:00+00:00,0.10916462697371655,0.10155084618173121,0.19573584155483112,2026-07-28
KXHIGHNY,2026-07-30,15,77-78,0.11,0.0039,-0.1060999999999999,0,False,metar_6h_group,below_peak,2026-07-30 18:51:00+00:00,2026-07-30 19:00:00+00:00,0.09597551687739005,0.08923242721103242,0.19573584155483112,2026-07-28
KXHIGHNY,2026-07-30,16,77-78,0.045,0.0,-0.045,0,False,metar_6h_group,near_peak_flat_or_cooling,2026-07-30 19:51:00+00:00,2026-07-30 20:00:00+00:00,0.03905182148428418,0.04265203479642797,0.052177004523822915,2026-07-28
KXHIGHNY,2026-07-30,17,77-78,0.095,0.0,-0.095,0,False,metar_6h_group,rising,2026-07-30 20:51:00+00:00,2026-07-30 21:00:00+00:00,0.08244273424459996,0.0754599496208201,0.20568474083347263,2026-07-28
