series,date,hour,bucket,price,model_p,edge,won,determined,source,last_observation_utc,cutoff_utc,observed_max,drop_from_max,slope,remaining_rise,cli_high,product_id,product_issued_utc,sampled_final,report_minus_sampled,legacy_weather,weather_train_end,raw_weather,chronological_isotonic,market,market_anchor,weather_weight,train_end,train_dates
KXHIGHNY,2026-06-26,13,81-82,0.395,0.01257730454,-0.3813,0,False,hourly_snapshot,2026-06-26 16:51:00+00:00,2026-06-26 17:00:00+00:00,74,0,1,5,80,202606270630-KOKX-CDUS41-CLINYC,2026-06-27 06:30:00+00:00,79,1,0.0137,2025-09-28,0.01257730454,0.09589592191,0.395,0.3862113863,0.02298141237,2026-06-24,30
KXHIGHNY,2026-06-26,13,83-84,0.195,0.005550804593,-0.1865534653,0,False,hourly_snapshot,2026-06-26 16:51:00+00:00,2026-06-26 17:00:00+00:00,74,0,1,5,80,202606270630-KOKX-CDUS41-CLINYC,2026-06-27 06:30:00+00:00,79,1,0.008446534653,2025-09-28,0.005550804593,0.09589592191,0.195,0.1906461899,0.02298141237,2026-06-24,30
KXHIGHNY,2026-06-26,13,85-86,0.055,3.9108534e-05,-0.05135445545,0,False,hourly_snapshot,2026-06-26 16:51:00+00:00,2026-06-26 17:00:00+00:00,74,0,1,5,80,202606270630-KOKX-CDUS41-CLINYC,2026-06-27 06:30:00+00:00,79,1,0.003645544554,2025-09-28,3.9108534e-05,0,0.055,0.05373692109,0.02298141237,2026-06-24,30
KXHIGHNY,2026-06-26,14,81-82,0.34,0.02723426758,-0.3321,0,False,metar_6h_group,2026-06-26 17:51:00+00:00,2026-06-26 18:00:00+00:00,75,0,0,4,80,202606270630-KOKX-CDUS41-CLINYC,2026-06-27 06:30:00+00:00,79,1,0.0079,2025-09-28,0.02723426758,0.09589592191,0.34,0.3328122017,0.02298141237,2026-06-24,30
KXHIGHNY,2026-06-26,14,83-84,0.145,0.004699293303,-0.1424,0,False,metar_6h_group,2026-06-26 17:51:00+00:00,2026-06-26 18:00:00+00:00,75,0,0,4,80,202606270630-KOKX-CDUS41-CLINYC,2026-06-27 06:30:00+00:00,79,1,0.0026,2025-09-28,0.004699293303,0.06461283483,0.145,0.1417756916,0.02298141237,2026-06-24,30
KXHIGHNY,2026-06-26,15,81-82,0.445,0.03399848301,-0.411570297,0,False,hourly_snapshot,2026-06-26 18:51:00+00:00,2026-06-26 19:00:00+00:00,77,0,2,2,80,202606270630-KOKX-CDUS41-CLINYC,2026-06-27 06:30:00+00:00,79,1,0.03342970297,2025-09-28,0.03399848301,0.09589592191,0.445,0.4355546047,0.02298141237,2026-06-24,30
KXHIGHNY,2026-06-26,15,83-84,0.115,0.008558673235,-0.1116980198,0,False,hourly_snapshot,2026-06-26 18:51:00+00:00,2026-06-26 19:00:00+00:00,77,0,2,2,80,202606270630-KOKX-CDUS41-CLINYC,2026-06-27 06:30:00+00:00,79,1,0.003301980198,2025-09-28,0.008558673235,0.09589592191,0.115,0.112553828,0.02298141237,2026-06-24,30
KXHIGHNY,2026-06-26,16,81-82,0.285,0.05323193916,-0.2025980198,0,False,hourly_snapshot,2026-06-26 19:51:00+00:00,2026-06-26 20:00:00+00:00,78,0,1,1,80,202606270630-KOKX-CDUS41-CLINYC,2026-06-27 06:30:00+00:00,79,1,0.0824019802,2025-09-28,0.05323193916,0.09589592191,0.285,0.2796736426,0.02298141237,2026-06-24,30
KXHIGHNY,2026-06-26,16,83-84,0.1,0.004025944979,-0.08884257426,0,False,hourly_snapshot,2026-06-26 19:51:00+00:00,2026-06-26 20:00:00+00:00,78,0,1,1,80,202606270630-KOKX-CDUS41-CLINYC,2026-06-27 06:30:00+00:00,79,1,0.01115742574,2025-09-28,0.004025944979,0,0.1,0.09779438066,0.02298141237,2026-06-24,30
KXHIGHNY,2026-06-26,17,81-82,0.19,0.1633597284,0.03316237624,0,False,hourly_snapshot,2026-06-26 20:51:00+00:00,2026-06-26 21:00:00+00:00,79,0,1,0,80,202606270630-KOKX-CDUS41-CLINYC,2026-06-27 06:30:00+00:00,79,1,0.2231623762,2025-09-28,0.1633597284,0.1743422585,0.19,0.1893877689,0.02298141237,2026-06-24,30
KXHIGHNY,2026-06-27,13,76-77,0.59,0.142243083,-0.4122891089,0,False,hourly_snapshot,2026-06-27 16:51:00+00:00,2026-06-27 17:00:00+00:00,77,6,-2,0,78,202606280639-KOKX-CDUS41-CLINYC,2026-06-28 06:39:00+00:00,77,1,0.1777108911,2025-09-28,0.142243083,0.1686326149,0.59,0.5515311927,0.08591449025,2026-06-25,31
KXHIGHNY,2026-06-27,13,78-79,0.355,0.4925889328,0.1791782178,1,False,hourly_snapshot,2026-06-27 16:51:00+00:00,2026-06-27 17:00:00+00:00,77,6,-2,0,78,202606280639-KOKX-CDUS41-CLINYC,2026-06-28 06:39:00+00:00,77,1,0.5341782178,2025-09-28,0.4925889328,0.6320533906,0.355,0.366820883,0.08591449025,2026-06-25,31
KXHIGHNY,2026-06-27,13,80-81,0.045,0.2903162055,0.1650920792,0,False,hourly_snapshot,2026-06-27 16:51:00+00:00,2026-06-27 17:00:00+00:00,77,6,-2,0,78,202606280639-KOKX-CDUS41-CLINYC,2026-06-28 06:39:00+00:00,77,1,0.2100920792,2025-09-28,0.2903162055,0.379372636,0.045,0.06607621675,0.08591449025,2026-06-25,31
KXHIGHNY,2026-06-27,17,82-83,0.04,0.0004254232962,-0.04,0,False,metar_6h_group,2026-06-27 20:51:00+00:00,2026-06-27 21:00:00+00:00,77,7,0,0,78,202606280639-KOKX-CDUS41-CLINYC,2026-06-28 06:39:00+00:00,77,1,0,2025-09-28,0.0004254232962,0,0.04,0.03659997042,0.08591449025,2026-06-25,31
KXHIGHNY,2026-06-28,13,81-82,0.58,0.0272951495,-0.4022891089,1,False,hourly_snapshot,2026-06-28 16:51:00+00:00,2026-06-28 17:00:00+00:00,82,0,3,0,82,202606290650-KOKX-CDUS41-CLINYC,2026-06-29 06:50:00+00:00,82,0,0.1777108911,2025-09-28,0.0272951495,0.08668503252,0.58,0.520090772,0.1083928031,2026-06-26,32
KXHIGHNY,2026-06-28,13,83-84,0.325,0.5075244819,0.2091782178,0,False,hourly_snapshot,2026-06-28 16:51:00+00:00,2026-06-28 17:00:00+00:00,82,0,3,0,82,202606290650-KOKX-CDUS41-CLINYC,2026-06-29 06:50:00+00:00,82,0,0.5341782178,2025-09-28,0.5075244819,0.6320533906,0.325,0.3447843402,0.1083928031,2026-06-26,32
KXHIGHNY,2026-06-28,14,81-82,0.955,0.1730829226,-0.2017,1,False,metar_6h_group,2026-06-28 17:51:00+00:00,2026-06-28 18:00:00+00:00,82,5,-5,0,82,202606290650-KOKX-CDUS41-CLINYC,2026-06-29 06:50:00+00:00,82,0,0.7533,2025-09-28,0.1730829226,0.1637214439,0.955,0.8702458162,0.1083928031,2026-06-26,32
KXHIGHNY,2026-06-28,14,83-84,0.035,0.6945778998,0.1802,0,False,metar_6h_group,2026-06-28 17:51:00+00:00,2026-06-28 18:00:00+00:00,82,5,-5,0,82,202606290650-KOKX-CDUS41-CLINYC,2026-06-29 06:50:00+00:00,82,0,0.2152,2025-09-28,0.6945778998,0.6369001782,0.035,0.1064934974,0.1083928031,2026-06-26,32
KXHIGHNY,2026-06-28,15,81-82,0.865,0.2384091079,0.0195,1,False,metar_6h_group,2026-06-28 18:51:00+00:00,2026-06-28 19:00:00+00:00,82,2,3,0,82,202606290650-KOKX-CDUS41-CLINYC,2026-06-29 06:50:00+00:00,82,0,0.8845,2025-09-28,0.2384091079,0.379372636,0.865,0.7970820568,0.1083928031,2026-06-26,32
KXHIGHNY,2026-06-28,15,83-84,0.085,0.7002284473,0.0226,0,False,metar_6h_group,2026-06-28 18:51:00+00:00,2026-06-28 19:00:00+00:00,82,2,3,0,82,202606290650-KOKX-CDUS41-CLINYC,2026-06-29 06:50:00+00:00,82,0,0.1076,2025-09-28,0.7002284473,0.6706927176,0.085,0.1516863359,0.1083928031,2026-06-26,32
KXHIGHNY,2026-06-28,16,81-82,0.93,0.292302106,0.0216,1,False,metar_6h_group,2026-06-28 19:51:00+00:00,2026-06-28 20:00:00+00:00,82,2,0,0,82,202606290650-KOKX-CDUS41-CLINYC,2026-06-29 06:50:00+00:00,82,0,0.9516,2025-09-28,0.292302106,0.379372636,0.93,0.8608781378,0.1083928031,2026-06-26,32
KXHIGHNY,2026-06-28,16,83-84,0.065,0.6942628903,-0.0166,0,False,metar_6h_group,2026-06-28 19:51:00+00:00,2026-06-28 20:00:00+00:00,82,2,0,0,82,202606290650-KOKX-CDUS41-CLINYC,2026-06-29 06:50:00+00:00,82,0,0.0484,2025-09-28,0.6942628903,0.6320533906,0.065,0.1332075686,0.1083928031,2026-06-26,32
KXHIGHNY,2026-06-29,13,85-86,0.375,0.2238494269,0.1155940594,0,False,hourly_snapshot,2026-06-29 16:51:00+00:00,2026-06-29 17:00:00+00:00,85,0,2,2,88,202606300642-KOKX-CDUS41-CLINYC,2026-06-30 06:42:00+00:00,87,1,0.4905940594,2025-09-28,0.2238494269,0.3674267792,0.375,0.3539015296,0.1395857782,2026-06-27,33
KXHIGHNY,2026-06-29,17,81-82,0.05,0,-0.05,0,True,metar_6h_group,2026-06-29 20:51:00+00:00,2026-06-29 21:00:00+00:00,87,4,-4,0,88,202606300642-KOKX-CDUS41-CLINYC,2026-06-30 06:42:00+00:00,87,1,0,2025-09-28,0,0,0.05,0.04302071109,0.1395857782,2026-06-27,33
KXHIGHNY,2026-06-30,13,87-88,0.23,0.2238494269,0.2605940594,1,False,hourly_snapshot,2026-06-30 16:51:00+00:00,2026-06-30 17:00:00+00:00,87,0,3,0,87,202607010620-KOKX-CDUS41-CLINYC,2026-07-01 06:20:00+00:00,87,0,0.4905940594,2025-09-28,0.2238494269,0.3867374666,0.23,0.229409905,0.09594146141,2026-06-28,34
KXHIGHNY,2026-06-30,13,89-90,0.655,0.5544807951,-0.293239604,0,False,hourly_snapshot,2026-06-30 16:51:00+00:00,2026-06-30 17:00:00+00:00,87,0,3,0,87,202607010620-KOKX-CDUS41-CLINYC,2026-07-01 06:20:00+00:00,87,0,0.361760396,2025-09-28,0.5544807951,0.6139181238,0.655,0.6453560406,0.09594146141,2026-06-28,34
KXHIGHNY,2026-06-30,14,87-88,0.86,0.6071590531,0.0337,1,False,metar_6h_group,2026-06-30 17:51:00+00:00,2026-06-30 18:00:00+00:00,87,2,-2,0,87,202607010620-KOKX-CDUS41-CLINYC,2026-07-01 06:20:00+00:00,87,0,0.8937,2025-09-28,0.6071590531,0.6139181238,0.86,0.8357420701,0.09594146141,2026-06-28,34
KXHIGHNY,2026-06-30,14,89-90,0.12,0.3347038728,-0.0268,0,False,metar_6h_group,2026-06-30 17:51:00+00:00,2026-06-30 18:00:00+00:00,87,2,-2,0,87,202607010620-KOKX-CDUS41-CLINYC,2026-07-01 06:20:00+00:00,87,0,0.0932,2025-09-28,0.3347038728,0.3867374666,0.12,0.1405990033,0.09594146141,2026-06-28,34
KXHIGHNY,2026-07-01,13,92-93,0.27,0.5075244819,0.2641782178,1,False,hourly_snapshot,2026-07-01 16:51:00+00:00,2026-07-01 17:00:00+00:00,91,0,3,0,93,202607020619-KOKX-CDUS41-CLINYC,2026-07-02 06:19:00+00:00,91,2,0.5341782178,2025-09-28,0.5075244819,0.6139181238,0.27,0.2950524177,0.1054729918,2026-06-29,35
KXHIGHNY,2026-07-01,13,94-95,0.69,0.383393995,-0.4799079208,0,False,hourly_snapshot,2026-07-01 16:51:00+00:00,2026-07-01 17:00:00+00:00,91,0,3,0,93,202607020619-KOKX-CDUS41-CLINYC,2026-07-02 06:19:00+00:00,91,2,0.2100920792,2025-09-28,0.383393995,0.3726984049,0.69,0.6576613474,0.1054729918,2026-06-29,35
KXHIGHNY,2026-07-01,13,96-97,0.08,0.06226078613,-0.02881089109,0,False,hourly_snapshot,2026-07-01 16:51:00+00:00,2026-07-01 17:00:00+00:00,91,0,3,0,93,202607020619-KOKX-CDUS41-CLINYC,2026-07-02 06:19:00+00:00,91,2,0.05118910891,2025-09-28,0.06226078613,0.1070128776,0.08,0.07812899204,0.1054729918,2026-06-29,35
KXHIGHNY,2026-07-01,14,92-93,0.625,0.7034637758,0.2687,1,False,metar_6h_group,2026-07-01 17:51:00+00:00,2026-07-01 18:00:00+00:00,91,0,0,0,93,202607020619-KOKX-CDUS41-CLINYC,2026-07-02 06:19:00+00:00,91,2,0.8937,2025-09-28,0.7034637758,0.8798761797,0.625,0.6332758092,0.1054729918,2026-06-29,35
KXHIGHNY,2026-07-01,14,94-95,0.36,0.2427166963,-0.2668,0,False,metar_6h_group,2026-07-01 17:51:00+00:00,2026-07-01 18:00:00+00:00,91,0,0,0,93,202607020619-KOKX-CDUS41-CLINYC,2026-07-02 06:19:00+00:00,91,2,0.0932,2025-09-28,0.2427166963,0.3531789811,0.36,0.3476297791,0.1054729918,2026-06-29,35
KXHIGHNY,2026-07-01,15,92-93,0.825,0.8239840898,0.1369,1,False,metar_6h_group,2026-07-01 18:51:00+00:00,2026-07-01 19:00:00+00:00,91,0,0,0,93,202607020619-KOKX-CDUS41-CLINYC,2026-07-02 06:19:00+00:00,91,2,0.9619,2025-09-28,0.8239840898,0.8798761797,0.825,0.8248928489,0.1054729918,2026-06-29,35
KXHIGHNY,2026-07-01,15,94-95,0.165,0.07649073472,-0.1321,0,False,metar_6h_group,2026-07-01 18:51:00+00:00,2026-07-01 19:00:00+00:00,91,0,0,0,93,202607020619-KOKX-CDUS41-CLINYC,2026-07-02 06:19:00+00:00,91,2,0.0329,2025-09-28,0.07649073472,0.1070128776,0.165,0.155664663,0.1054729918,2026-06-29,35
KXHIGHNY,2026-07-01,16,92-93,0.895,0.6761162296,0.0893,1,True,metar_6h_group,2026-07-01 19:51:00+00:00,2026-07-01 20:00:00+00:00,91,1,-1,0,93,202607020619-KOKX-CDUS41-CLINYC,2026-07-02 06:19:00+00:00,91,2,0.9843,2025-09-28,0.6761162296,0.6139181238,0.895,0.8719136739,0.1054729918,2026-06-29,35
KXHIGHNY,2026-07-01,16,94-95,0.13,0.01204819277,-0.1143,0,True,metar_6h_group,2026-07-01 19:51:00+00:00,2026-07-01 20:00:00+00:00,91,1,-1,0,93,202607020619-KOKX-CDUS41-CLINYC,2026-07-02 06:19:00+00:00,91,2,0.0157,2025-09-28,0.01204819277,0.09353778434,0.13,0.11755927,0.1054729918,2026-06-29,35
KXHIGHNY,2026-07-01,18,98-99,0.045,0,-0.045,0,False,metar_6h_group,2026-07-01 21:51:00+00:00,2026-07-01 22:00:00+00:00,91,1,1,0,93,202607020619-KOKX-CDUS41-CLINYC,2026-07-02 06:19:00+00:00,91,2,0,2025-09-28,0,0,0.045,0.04025371537,0.1054729918,2026-06-29,35
KXHIGHNY,2026-07-02,13,101-102,0.33,0.383393995,-0.1199079208,0,False,hourly_snapshot,2026-07-02 16:51:00+00:00,2026-07-02 17:00:00+00:00,98,0,2,2,100,202607030619-KOKX-CDUS41-CLINYC,2026-07-03 06:19:00+00:00,100,0,0.2100920792,2025-09-28,0.383393995,0.3718575846,0.33,0.3355540348,0.1040198399,2026-06-30,36
KXHIGHNY,2026-07-02,13,99-100,0.67,0.5075244819,-0.1358217822,1,False,hourly_snapshot,2026-07-02 16:51:00+00:00,2026-07-02 17:00:00+00:00,98,0,2,2,100,202607030619-KOKX-CDUS41-CLINYC,2026-07-03 06:19:00+00:00,100,0,0.5341782178,2025-09-28,0.5075244819,0.6084798797,0.67,0.6530993226,0.1040198399,2026-06-30,36
KXHIGHNY,2026-07-02,14,101-102,0.645,0.6967741935,-0.4298,0,False,metar_6h_group,2026-07-02 17:51:00+00:00,2026-07-02 18:00:00+00:00,100,0,2,0,100,202607030619-KOKX-CDUS41-CLINYC,2026-07-03 06:19:00+00:00,100,0,0.2152,2025-09-28,0.6967741935,0.6084798797,0.645,0.6503855433,0.1040198399,2026-06-30,36
KXHIGHNY,2026-07-02,14,99-100,0.33,0.1515389519,0.4233,1,False,metar_6h_group,2026-07-02 17:51:00+00:00,2026-07-02 18:00:00+00:00,100,0,2,0,100,202607030619-KOKX-CDUS41-CLINYC,2026-07-03 06:19:00+00:00,100,0,0.7533,2025-09-28,0.1515389519,0.2256928262,0.33,0.3114365103,0.1040198399,2026-06-30,36
KXHIGHNY,2026-07-02,15,101-102,0.28,0.7455180709,-0.1724,0,False,metar_6h_group,2026-07-02 18:51:00+00:00,2026-07-02 19:00:00+00:00,100,1,-1,0,100,202607030619-KOKX-CDUS41-CLINYC,2026-07-03 06:19:00+00:00,100,0,0.1076,2025-09-28,0.7455180709,0.8798761797,0.28,0.3284231152,0.1040198399,2026-06-30,36
KXHIGHNY,2026-07-02,15,99-100,0.725,0.1999854204,0.1595,1,False,metar_6h_group,2026-07-02 18:51:00+00:00,2026-07-02 19:00:00+00:00,100,1,-1,0,100,202607030619-KOKX-CDUS41-CLINYC,2026-07-03 06:19:00+00:00,100,0,0.8845,2025-09-28,0.1999854204,0.3718575846,0.725,0.6703880675,0.1040198399,2026-06-30,36
KXHIGHNY,2026-07-02,16,101-102,0.21,0.6729411765,-0.1616,0,True,metar_6h_group,2026-07-02 19:51:00+00:00,2026-07-02 20:00:00+00:00,100,2,-1,0,100,202607030619-KOKX-CDUS41-CLINYC,2026-07-03 06:19:00+00:00,100,0,0.0484,2025-09-28,0.6729411765,0.6084798797,0.21,0.2581550671,0.1040198399,2026-06-30,36
KXHIGHNY,2026-07-02,16,99-100,0.805,0.3027058824,0.1466,1,True,metar_6h_group,2026-07-02 19:51:00+00:00,2026-07-02 20:00:00+00:00,100,2,-1,0,100,202607030619-KOKX-CDUS41-CLINYC,2026-07-03 06:19:00+00:00,100,0,0.9516,2025-09-28,0.3027058824,0.3718575846,0.805,0.7527514463,0.1040198399,2026-06-30,36
KXHIGHNY,2026-07-02,17,99-100,0.965,0.3303229571,0.0219,1,True,metar_6h_group,2026-07-02 20:51:00+00:00,2026-07-02 21:00:00+00:00,100,4,-2,0,100,202607030619-KOKX-CDUS41-CLINYC,2026-07-03 06:19:00+00:00,100,0,0.9869,2025-09-28,0.3303229571,0.3718575846,0.965,0.8989809956,0.1040198399,2026-06-30,36
KXHIGHNY,2026-07-03,13,100-101,0.51,0.383393995,-0.2999079208,0,False,hourly_snapshot,2026-07-03 16:51:00+00:00,2026-07-03 17:00:00+00:00,97,0,1,1,98,202607040620-KOKX-CDUS41-CLINYC,2026-07-04 06:20:00+00:00,98,0,0.2100920792,2025-09-28,0.383393995,0.363936805,0.51,0.4949801864,0.1186342906,2026-07-01,37
KXHIGHNY,2026-07-03,13,102-103,0.075,0.06226078613,-0.02381089109,0,False,hourly_snapshot,2026-07-03 16:51:00+00:00,2026-07-03 17:00:00+00:00,97,0,1,1,98,202607040620-KOKX-CDUS41-CLINYC,2026-07-04 06:20:00+00:00,98,0,0.05118910891,2025-09-28,0.06226078613,0.1025941857,0.075,0.0734886924,0.1186342906,2026-07-01,37
KXHIGHNY,2026-07-03,13,98-99,0.4,0.5075244819,0.1341782178,1,False,hourly_snapshot,2026-07-03 16:51:00+00:00,2026-07-03 17:00:00+00:00,97,0,1,1,98,202607040620-KOKX-CDUS41-CLINYC,2026-07-04 06:20:00+00:00,98,0,0.5341782178,2025-09-28,0.5075244819,0.6158159783,0.4,0.4127560906,0.1186342906,2026-07-01,37
KXHIGHNY,2026-07-03,14,100-101,0.195,0.2427166963,-0.1018,0,False,metar_6h_group,2026-07-03 17:51:00+00:00,2026-07-03 18:00:00+00:00,97,0,0,1,98,202607040620-KOKX-CDUS41-CLINYC,2026-07-04 06:20:00+00:00,98,0,0.0932,2025-09-28,0.2427166963,0.363936805,0.195,0.2006608364,0.1186342906,2026-07-01,37
KXHIGHNY,2026-07-03,14,102-103,0.055,0.0191577328,-0.0498,0,False,metar_6h_group,2026-07-03 17:51:00+00:00,2026-07-03 18:00:00+00:00,97,0,0,1,98,202607040620-KOKX-CDUS41-CLINYC,2026-07-04 06:20:00+00:00,98,0,0.0052,2025-09-28,0.0191577328,0.09196515005,0.055,0.05074787806,0.1186342906,2026-07-01,37
KXHIGHNY,2026-07-03,14,98-99,0.755,0.7034637758,0.1387,1,False,metar_6h_group,2026-07-03 17:51:00+00:00,2026-07-03 18:00:00+00:00,97,0,0,1,98,202607040620-KOKX-CDUS41-CLINYC,2026-07-04 06:20:00+00:00,98,0,0.8937,2025-09-28,0.7034637758,0.893847347,0.755,0.7488860366,0.1186342906,2026-07-01,37
KXHIGHNY,2026-07-03,15,100-101,0.095,0.0417705898,-0.0621,0,False,metar_6h_group,2026-07-03 18:51:00+00:00,2026-07-03 19:00:00+00:00,97,1,-1,1,98,202607040620-KOKX-CDUS41-CLINYC,2026-07-04 06:20:00+00:00,98,0,0.0329,2025-09-28,0.0417705898,0.1025941857,0.095,0.08868516668,0.1186342906,2026-07-01,37
KXHIGHNY,2026-07-03,15,98-99,0.915,0.7455180709,0.0469,1,False,metar_6h_group,2026-07-03 18:51:00+00:00,2026-07-03 19:00:00+00:00,97,1,-1,1,98,202607040620-KOKX-CDUS41-CLINYC,2026-07-04 06:20:00+00:00,98,0,0.9619,2025-09-28,0.7455180709,0.893847347,0.915,0.8948936316,0.1186342906,2026-07-01,37
KXHIGHNY,2026-07-03,16,100-101,0.08,0.01075268817,-0.0643,0,False,metar_6h_group,2026-07-03 19:51:00+00:00,2026-07-03 20:00:00+00:00,97,1,0,1,98,202607040620-KOKX-CDUS41-CLINYC,2026-07-04 06:20:00+00:00,98,0,0.0157,2025-09-28,0.01075268817,0.08985490797,0.08,0.07178489428,0.1186342906,2026-07-01,37
KXHIGHNY,2026-07-03,16,98-99,0.925,0.6584440228,0.0593,1,False,metar_6h_group,2026-07-03 19:51:00+00:00,2026-07-03 20:00:00+00:00,97,1,0,1,98,202607040620-KOKX-CDUS41-CLINYC,2026-07-04 06:20:00+00:00,98,0,0.9843,2025-09-28,0.6584440228,0.6158159783,0.925,0.8933773207,0.1186342906,2026-07-01,37
KXHIGHNY,2026-07-03,17,100-101,0.04,0.1633597284,-0.0374,0,False,metar_6h_group,2026-07-03 20:51:00+00:00,2026-07-03 21:00:00+00:00,98,0,2,0,98,202607040620-KOKX-CDUS41-CLINYC,2026-07-04 06:20:00+00:00,98,0,0.0026,2025-09-28,0.1633597284,0.2256928262,0.04,0.05463469387,0.1186342906,2026-07-01,37
KXHIGHNY,2026-07-03,17,98-99,0.945,0.8352794806,0.0524,1,False,metar_6h_group,2026-07-03 20:51:00+00:00,2026-07-03 21:00:00+00:00,98,0,2,0,98,202607040620-KOKX-CDUS41-CLINYC,2026-07-04 06:20:00+00:00,98,0,0.9974,2025-09-28,0.8352794806,0.893847347,0.945,0.931983384,0.1186342906,2026-07-01,37
KXHIGHNY,2026-07-04,13,98-99,0.075,0.06226078613,-0.02381089109,0,False,hourly_snapshot,2026-07-04 16:51:00+00:00,2026-07-04 17:00:00+00:00,93,0,2,1,94,202607050620-KOKX-CDUS41-CLINYC,2026-07-05 06:20:00+00:00,94,0,0.05118910891,2025-09-28,0.06226078613,0.1025941857,0.075,0.0738953668,0.08671125345,2026-07-02,38
KXHIGHNY,2026-07-04,14,98-99,0.035,0.0191577328,-0.0298,0,False,metar_6h_group,2026-07-04 17:51:00+00:00,2026-07-04 18:00:00+00:00,93,0,0,1,94,202607050620-KOKX-CDUS41-CLINYC,2026-07-05 06:20:00+00:00,94,0,0.0052,2025-09-28,0.0191577328,0.09196515005,0.035,0.03362629715,0.08671125345,2026-07-02,38
KXHIGHNY,2026-07-04,15,98-99,0.03,0.006753484788,-0.0261,0,False,metar_6h_group,2026-07-04 18:51:00+00:00,2026-07-04 19:00:00+00:00,93,1,-1,1,94,202607050620-KOKX-CDUS41-CLINYC,2026-07-05 06:20:00+00:00,94,0,0.0039,2025-09-28,0.006753484788,0.08985490797,0.03,0.02798426553,0.08671125345,2026-07-02,38
KXHIGHNY,2026-07-05,13,84-85,0.195,0.179706321,-0.09130990099,0,False,hourly_snapshot,2026-07-05 16:51:00+00:00,2026-07-05 17:00:00+00:00,80,0,4.864864865,0,81,202607060619-KOKX-CDUS41-CLINYC,2026-07-06 06:19:00+00:00,80,1,0.103690099,2025-09-28,0.179706321,0.2617432854,0.195,0.193653477,0.08804441485,2026-07-03,39
KXHIGHNY,2026-07-05,14,84-85,0.13,0.09327676554,-0.1248,0,False,metar_6h_group,2026-07-05 17:51:00+00:00,2026-07-05 18:00:00+00:00,80,0,0,0,81,202607060619-KOKX-CDUS41-CLINYC,2026-07-06 06:19:00+00:00,80,1,0.0052,2025-09-28,0.09327676554,0.09918141783,0.13,0.1267667243,0.08804441485,2026-07-03,39
KXHIGHNY,2026-07-05,15,84-85,0.135,0.02167350269,-0.1311,0,False,metar_6h_group,2026-07-05 18:51:00+00:00,2026-07-05 19:00:00+00:00,80,0,0,0,81,202607060619-KOKX-CDUS41-CLINYC,2026-07-06 06:19:00+00:00,80,1,0.0039,2025-09-28,0.02167350269,0.09108227447,0.135,0.1250222349,0.08804441485,2026-07-03,39
KXHIGHNY,2026-07-05,16,84-85,0.035,0.01616191031,-0.035,0,False,metar_6h_group,2026-07-05 19:51:00+00:00,2026-07-05 20:00:00+00:00,80,0,0,0,81,202607060619-KOKX-CDUS41-CLINYC,2026-07-06 06:19:00+00:00,80,1,0,2025-09-28,0.01616191031,0.08562302013,0.035,0.03334141142,0.08804441485,2026-07-03,39
KXHIGHNY,2026-07-08,13,82-83,0.375,0.5075244819,0.1591782178,0,False,hourly_snapshot,2026-07-08 16:51:00+00:00,2026-07-08 17:00:00+00:00,81,0,2,4,85,202607090626-KOKX-CDUS41-CLINYC,2026-07-09 06:26:00+00:00,85,0,0.5341782178,2025-09-28,0.5075244819,0.6131194721,0.375,0.3868584458,0.08948117055,2026-07-05,41
KXHIGHNY,2026-07-09,13,83-84,0.29,0.489006917,0.07176039604,0,False,hourly_snapshot,2026-07-09 16:51:00+00:00,2026-07-09 17:00:00+00:00,81,2,-2,0,82,202607100625-KOKX-CDUS41-CLINYC,2026-07-10 06:25:00+00:00,81,1,0.361760396,2025-09-28,0.489006917,0.6131194721,0.29,0.3078073719,0.08948117055,2026-07-05,41
KXHIGHNY,2026-07-10,15,87-88,0.045,0.08035337006,-0.0121,0,False,metar_6h_group,2026-07-10 18:51:00+00:00,2026-07-10 19:00:00+00:00,84,0,2,0,85,202607110627-KOKX-CDUS41-CLINYC,2026-07-11 06:27:00+00:00,84,1,0.0329,2025-09-28,0.08035337006,0.08883828271,0.045,0.04758619106,0.07315260337,2026-07-08,42
KXHIGHNY,2026-07-10,17,93-94,0.03,0,-0.03,0,False,metar_6h_group,2026-07-10 20:51:00+00:00,2026-07-10 21:00:00+00:00,84,2,0,0,85,202607110627-KOKX-CDUS41-CLINYC,2026-07-11 06:27:00+00:00,84,1,0,2025-09-28,0,0,0.03,0.0278054219,0.07315260337,2026-07-08,42
KXHIGHNY,2026-07-11,13,81-82,0.115,0.1272534464,-0.0377,1,False,metar_6h_group,2026-07-11 16:51:00+00:00,2026-07-11 17:00:00+00:00,77,1,3,4,82,202607120637-KOKX-CDUS41-CLINYC,2026-07-12 06:37:00+00:00,81,1,0.0773,2025-09-28,0.1272534464,0.1390266833,0.115,0.1156646853,0.05424475973,2026-07-09,43
KXHIGHNY,2026-07-11,14,81-82,0.11,0.0587134211,-0.089,1,False,metar_6h_group,2026-07-11 17:51:00+00:00,2026-07-11 18:00:00+00:00,77,1,0,4,82,202607120637-KOKX-CDUS41-CLINYC,2026-07-12 06:37:00+00:00,81,1,0.021,2025-09-28,0.0587134211,0.08883828271,0.11,0.1072179719,0.05424475973,2026-07-09,43
KXHIGHNY,2026-07-11,15,81-82,0.605,0.2922966692,-0.3427762376,1,False,hourly_snapshot,2026-07-11 18:51:00+00:00,2026-07-11 19:00:00+00:00,79,0,3,2,82,202607120637-KOKX-CDUS41-CLINYC,2026-07-12 06:37:00+00:00,81,1,0.2622237624,2025-09-28,0.2922966692,0.375028968,0.605,0.588037483,0.05424475973,2026-07-09,43
KXHIGHNY,2026-07-11,15,83-84,0.055,0.03399848301,-0.02157029703,0,False,hourly_snapshot,2026-07-11 18:51:00+00:00,2026-07-11 19:00:00+00:00,79,0,3,2,82,202607120637-KOKX-CDUS41-CLINYC,2026-07-12 06:37:00+00:00,81,1,0.03342970297,2025-09-28,0.03399848301,0.08883828271,0.055,0.05386077776,0.05424475973,2026-07-09,43
KXHIGHNY,2026-07-11,16,81-82,0.89,0.8055244912,-0.1635841584,1,False,hourly_snapshot,2026-07-11 19:51:00+00:00,2026-07-11 20:00:00+00:00,81,0,2,0,82,202607120637-KOKX-CDUS41-CLINYC,2026-07-12 06:37:00+00:00,81,1,0.7264158416,2025-09-28,0.8055244912,0.8505803417,0.89,0.8854176463,0.05424475973,2026-07-09,43
KXHIGHNY,2026-07-11,16,83-84,0.105,0.1777007381,0.1335188119,0,False,hourly_snapshot,2026-07-11 19:51:00+00:00,2026-07-11 20:00:00+00:00,81,0,2,0,82,202607120637-KOKX-CDUS41-CLINYC,2026-07-12 06:37:00+00:00,81,1,0.2385188119,2025-09-28,0.1777007381,0.2308012333,0.105,0.1089436341,0.05424475973,2026-07-09,43
KXHIGHNY,2026-07-11,17,81-82,0.96,0.8513267129,-0.2140554455,1,False,hourly_snapshot,2026-07-11 20:51:00+00:00,2026-07-11 21:00:00+00:00,81,2,-2,0,82,202607120637-KOKX-CDUS41-CLINYC,2026-07-12 06:37:00+00:00,81,1,0.7459445545,2025-09-28,0.8513267129,1,0.96,0.9541050437,0.05424475973,2026-07-09,43
KXHIGHNY,2026-07-11,17,83-84,0.05,0.1449295621,0.1731623762,0,False,hourly_snapshot,2026-07-11 20:51:00+00:00,2026-07-11 21:00:00+00:00,81,2,-2,0,82,202607120637-KOKX-CDUS41-CLINYC,2026-07-12 06:37:00+00:00,81,1,0.2231623762,2025-09-28,0.1449295621,0.1655492611,0.05,0.05514943128,0.05424475973,2026-07-09,43
KXHIGHNY,2026-07-12,13,82-83,0.19,0.0272951495,-0.01228910891,0,False,hourly_snapshot,2026-07-12 16:51:00+00:00,2026-07-12 17:00:00+00:00,83,0,1,0,84,202607130619-KOKX-CDUS41-CLINYC,2026-07-13 06:19:00+00:00,83,1,0.1777108911,2025-09-28,0.0272951495,0.08154886223,0.19,0.1812214079,0.05395408981,2026-07-10,44
KXHIGHNY,2026-07-12,13,84-85,0.81,0.5075244819,-0.2758217822,1,False,hourly_snapshot,2026-07-12 16:51:00+00:00,2026-07-12 17:00:00+00:00,83,0,1,0,84,202607130619-KOKX-CDUS41-CLINYC,2026-07-13 06:19:00+00:00,83,1,0.5341782178,2025-09-28,0.5075244819,0.4725612554,0.81,0.7936802087,0.05395408981,2026-07-10,44
KXHIGHNY,2026-07-12,14,84-85,0.95,0.7034637758,-0.0563,1,False,metar_6h_group,2026-07-12 17:51:00+00:00,2026-07-12 18:00:00+00:00,83,0,0,0,84,202607130619-KOKX-CDUS41-CLINYC,2026-07-13 06:19:00+00:00,83,1,0.8937,2025-09-28,0.7034637758,0.8505803417,0.95,0.9366983624,0.05395408981,2026-07-10,44
KXHIGHNY,2026-07-12,14,86-87,0.065,0.2427166963,0.0282,0,False,metar_6h_group,2026-07-12 17:51:00+00:00,2026-07-12 18:00:00+00:00,83,0,0,0,84,202607130619-KOKX-CDUS41-CLINYC,2026-07-13 06:19:00+00:00,83,1,0.0932,2025-09-28,0.2427166963,0.375028968,0.065,0.07458854259,0.05395408981,2026-07-10,44
KXHIGHNY,2026-07-12,15,84-85,0.945,0.7455180709,0.0169,1,False,metar_6h_group,2026-07-12 18:51:00+00:00,2026-07-12 19:00:00+00:00,83,1,-1,0,84,202607130619-KOKX-CDUS41-CLINYC,2026-07-13 06:19:00+00:00,83,1,0.9619,2025-09-28,0.7455180709,0.8505803417,0.945,0.9342371341,0.05395408981,2026-07-10,44
KXHIGHNY,2026-07-13,13,82-83,0.21,0.2238494269,0.2805940594,0,False,hourly_snapshot,2026-07-13 16:51:00+00:00,2026-07-13 17:00:00+00:00,82,0,2,1,84,202607140621-KOKX-CDUS41-CLINYC,2026-07-14 06:21:00+00:00,83,1,0.4905940594,2025-09-28,0.2238494269,0.382744256,0.21,0.2106445126,0.0465371349,2026-07-11,45
KXHIGHNY,2026-07-13,13,84-85,0.765,0.5544807951,-0.403239604,1,False,hourly_snapshot,2026-07-13 16:51:00+00:00,2026-07-13 17:00:00+00:00,82,0,2,1,84,202607140621-KOKX-CDUS41-CLINYC,2026-07-14 06:21:00+00:00,83,1,0.361760396,2025-09-28,0.5544807951,0.5497620429,0.765,0.7552030394,0.0465371349,2026-07-11,45
KXHIGHNY,2026-07-13,13,86-87,0.035,0.179706321,0.06869009901,0,False,hourly_snapshot,2026-07-13 16:51:00+00:00,2026-07-13 17:00:00+00:00,82,0,2,1,84,202607140621-KOKX-CDUS41-CLINYC,2026-07-14 06:21:00+00:00,83,1,0.103690099,2025-09-28,0.179706321,0.2179204702,0.035,0.04173421758,0.0465371349,2026-07-11,45
KXHIGHNY,2026-07-13,14,82-83,0.255,0.1515389519,-0.01633069307,0,False,hourly_snapshot,2026-07-13 17:51:00+00:00,2026-07-13 18:00:00+00:00,83,0,1,0,84,202607140621-KOKX-CDUS41-CLINYC,2026-07-14 06:21:00+00:00,83,1,0.2386693069,2025-09-28,0.1515389519,0.2179204702,0.255,0.2501852192,0.0465371349,2026-07-11,45
KXHIGHNY,2026-07-13,14,84-85,0.715,0.6967741935,-0.1381485149,1,False,hourly_snapshot,2026-07-13 17:51:00+00:00,2026-07-13 18:00:00+00:00,83,0,1,0,84,202607140621-KOKX-CDUS41-CLINYC,2026-07-14 06:21:00+00:00,83,1,0.5768514851,2025-09-28,0.6967741935,0.5536656891,0.715,0.7141518232,0.0465371349,2026-07-11,45
KXHIGHNY,2026-07-13,15,82-83,0.465,0.1999854204,-0.1847623762,0,False,hourly_snapshot,2026-07-13 18:51:00+00:00,2026-07-13 19:00:00+00:00,83,1,-1,0,84,202607140621-KOKX-CDUS41-CLINYC,2026-07-14 06:21:00+00:00,83,1,0.2802376238,2025-09-28,0.1999854204,0.382744256,0.465,0.4526669808,0.0465371349,2026-07-11,45
KXHIGHNY,2026-07-13,15,84-85,0.525,0.7455180709,0.06825544554,1,False,hourly_snapshot,2026-07-13 18:51:00+00:00,2026-07-13 19:00:00+00:00,83,1,-1,0,84,202607140621-KOKX-CDUS41-CLINYC,2026-07-14 06:21:00+00:00,83,1,0.5932554455,2025-09-28,0.7455180709,0.8507372314,0.525,0.5352622792,0.0465371349,2026-07-11,45
KXHIGHNY,2026-07-13,16,82-83,0.725,0.3027058824,-0.4235029703,0,False,hourly_snapshot,2026-07-13 19:51:00+00:00,2026-07-13 20:00:00+00:00,83,2,-1,0,84,202607140621-KOKX-CDUS41-CLINYC,2026-07-14 06:21:00+00:00,83,1,0.3014970297,2025-09-28,0.3027058824,0.382744256,0.725,0.7053476417,0.0465371349,2026-07-11,45
KXHIGHNY,2026-07-13,16,84-85,0.275,0.6729411765,0.3198871287,1,False,hourly_snapshot,2026-07-13 19:51:00+00:00,2026-07-13 20:00:00+00:00,83,2,-1,0,84,202607140621-KOKX-CDUS41-CLINYC,2026-07-14 06:21:00+00:00,83,1,0.5948871287,2025-09-28,0.6729411765,0.5497620429,0.275,0.2935190422,0.0465371349,2026-07-11,45
KXHIGHNY,2026-07-14,13,90-91,0.39,0.179706321,-0.286309901,1,False,hourly_snapshot,2026-07-14 16:51:00+00:00,2026-07-14 17:00:00+00:00,86,0,1,3,90,202607150616-KOKX-CDUS41-CLINYC,2026-07-15 06:16:00+00:00,89,1,0.103690099,2025-09-28,0.179706321,0.2179204702,0.39,0.3811620774,0.04202657288,2026-07-12,46
KXHIGHNY,2026-07-14,13,92-93,0.215,0.0306271966,-0.1886168317,0,False,hourly_snapshot,2026-07-14 16:51:00+00:00,2026-07-14 17:00:00+00:00,86,0,1,3,90,202607150616-KOKX-CDUS41-CLINYC,2026-07-15 06:16:00+00:00,89,1,0.02638316832,2025-09-28,0.0306271966,0.09504333063,0.215,0.2072514429,0.04202657288,2026-07-12,46
KXHIGHNY,2026-07-14,13,94-95,0.065,0.008502195292,-0.05836138614,0,False,hourly_snapshot,2026-07-14 16:51:00+00:00,2026-07-14 17:00:00+00:00,86,0,1,3,90,202607150616-KOKX-CDUS41-CLINYC,2026-07-15 06:16:00+00:00,89,1,0.006638613861,2025-09-28,0.008502195292,0.06248972209,0.065,0.06262559089,0.04202657288,2026-07-12,46
KXHIGHNY,2026-07-14,14,90-91,0.325,0.6967741935,-0.1098,1,False,metar_6h_group,2026-07-14 17:51:00+00:00,2026-07-14 18:00:00+00:00,89,0,3,0,90,202607150616-KOKX-CDUS41-CLINYC,2026-07-15 06:16:00+00:00,89,1,0.2152,2025-09-28,0.6967741935,0.5536656891,0.325,0.3406243952,0.04202657288,2026-07-12,46
KXHIGHNY,2026-07-14,14,92-93,0.4,0.1151702155,-0.379,0,False,metar_6h_group,2026-07-14 17:51:00+00:00,2026-07-14 18:00:00+00:00,89,0,3,0,90,202607150616-KOKX-CDUS41-CLINYC,2026-07-15 06:16:00+00:00,89,1,0.021,2025-09-28,0.1151702155,0.1517065895,0.4,0.3880295803,0.04202657288,2026-07-12,46
KXHIGHNY,2026-07-14,14,94-95,0.175,0.02378171618,-0.1671,0,False,metar_6h_group,2026-07-14 17:51:00+00:00,2026-07-14 18:00:00+00:00,89,0,3,0,90,202607150616-KOKX-CDUS41-CLINYC,2026-07-15 06:16:00+00:00,89,1,0.0079,2025-09-28,0.02378171618,0.09504333063,0.175,0.1686448138,0.04202657288,2026-07-12,46
KXHIGHNY,2026-07-14,14,96-97,0.035,0.01273492286,-0.0324,0,False,metar_6h_group,2026-07-14 17:51:00+00:00,2026-07-14 18:00:00+00:00,89,0,3,0,90,202607150616-KOKX-CDUS41-CLINYC,2026-07-15 06:16:00+00:00,89,1,0.0026,2025-09-28,0.01273492286,0.06248972209,0.035,0.03406427511,0.04202657288,2026-07-12,46
KXHIGHNY,2026-07-14,15,90-91,0.34,0.7455180709,-0.2324,1,False,metar_6h_group,2026-07-14 18:51:00+00:00,2026-07-14 19:00:00+00:00,89,1,-1,0,90,202607150616-KOKX-CDUS41-CLINYC,2026-07-15 06:16:00+00:00,89,1,0.1076,2025-09-28,0.7455180709,0.88730476,0.34,0.3570425348,0.04202657288,2026-07-12,46
KXHIGHNY,2026-07-14,15,92-93,0.045,0.0417705898,-0.0397,0,False,metar_6h_group,2026-07-14 18:51:00+00:00,2026-07-14 19:00:00+00:00,89,1,-1,0,90,202607150616-KOKX-CDUS41-CLINYC,2026-07-15 06:16:00+00:00,89,1,0.0053,2025-09-28,0.0417705898,0.09504333063,0.045,0.04486427896,0.04202657288,2026-07-12,46
KXHIGHNY,2026-07-14,15,94-95,0.035,0.006753484788,-0.0337,0,False,metar_6h_group,2026-07-14 18:51:00+00:00,2026-07-14 19:00:00+00:00,89,1,-1,0,90,202607150616-KOKX-CDUS41-CLINYC,2026-07-15 06:16:00+00:00,89,1,0.0013,2025-09-28,0.006753484788,0.06248972209,0.035,0.03381289577,0.04202657288,2026-07-12,46
KXHIGHNY,2026-07-14,16,90-91,0.755,0.6130619548,-0.7066,1,False,metar_6h_group,2026-07-14 19:51:00+00:00,2026-07-14 20:00:00+00:00,89,0,1,0,90,202607150616-KOKX-CDUS41-CLINYC,2026-07-15 06:16:00+00:00,89,1,0.0484,2025-09-28,0.6130619548,0.5497620429,0.755,0.7490348304,0.04202657288,2026-07-12,46
KXHIGHNY,2026-07-14,16,92-93,0.04,0.05323193916,-0.04,0,False,metar_6h_group,2026-07-14 19:51:00+00:00,2026-07-14 20:00:00+00:00,89,0,1,0,90,202607150616-KOKX-CDUS41-CLINYC,2026-07-15 06:16:00+00:00,89,1,0,2025-09-28,0.05323193916,0.09504333063,0.04,0.04055609306,0.04202657288,2026-07-12,46
KXHIGHNY,2026-07-14,17,90-91,0.115,0.6664057404,-0.1019,1,True,metar_6h_group,2026-07-14 20:51:00+00:00,2026-07-14 21:00:00+00:00,89,1,-1,0,90,202607150616-KOKX-CDUS41-CLINYC,2026-07-15 06:16:00+00:00,89,1,0.0131,2025-09-28,0.6664057404,0.5497620429,0.115,0.1381736935,0.04202657288,2026-07-12,46
KXHIGHNY,2026-07-14,17,92-93,0.03,0.03763861709,-0.03,0,True,metar_6h_group,2026-07-14 20:51:00+00:00,2026-07-14 21:00:00+00:00,89,1,-1,0,90,202607150616-KOKX-CDUS41-CLINYC,2026-07-15 06:16:00+00:00,89,1,0,2025-09-28,0.03763861709,0.09504333063,0.03,0.0303210249,0.04202657288,2026-07-12,46
KXHIGHNY,2026-07-14,18,90-91,0.08,0.6673228346,-0.0761,1,False,metar_6h_group,2026-07-14 21:51:00+00:00,2026-07-14 22:00:00+00:00,89,1,0,0,90,202607150616-KOKX-CDUS41-CLINYC,2026-07-15 06:16:00+00:00,89,1,0.0039,2025-09-28,0.6673228346,0.5497620429,0.08,0.1046831659,0.04202657288,2026-07-12,46
KXHIGHNY,2026-07-15,13,97-98,0.535,0.5544807951,-0.173239604,0,False,hourly_snapshot,2026-07-15 16:51:00+00:00,2026-07-15 17:00:00+00:00,95,0,2,0,95,202607160618-KOKX-CDUS41-CLINYC,2026-07-16 06:18:00+00:00,95,0,0.361760396,2025-09-28,0.5544807951,0.5642578819,0.535,0.5363011195,0.06678985626,2026-07-13,47
KXHIGHNY,2026-07-15,13,99-100,0.07,0.179706321,0.03369009901,0,False,hourly_snapshot,2026-07-15 16:51:00+00:00,2026-07-15 17:00:00+00:00,95,0,2,0,95,202607160618-KOKX-CDUS41-CLINYC,2026-07-16 06:18:00+00:00,95,0,0.103690099,2025-09-28,0.179706321,0.1999390574,0.07,0.07732726941,0.06678985626,2026-07-13,47
KXHIGHNY,2026-07-15,14,97-98,0.24,0.440208537,0.06960594059,0,False,hourly_snapshot,2026-07-15 17:51:00+00:00,2026-07-15 18:00:00+00:00,95,1,-1,0,95,202607160618-KOKX-CDUS41-CLINYC,2026-07-16 06:18:00+00:00,95,0,0.3096059406,2025-09-28,0.440208537,0.4764941122,0.24,0.2533718994,0.06678985626,2026-07-13,47
KXHIGHNY,2026-07-15,15,97-98,0.12,0.2412822541,0.1422237624,0,False,hourly_snapshot,2026-07-15 18:51:00+00:00,2026-07-15 19:00:00+00:00,95,1,0,0,95,202607160618-KOKX-CDUS41-CLINYC,2026-07-16 06:18:00+00:00,95,0,0.2622237624,2025-09-28,0.2412822541,0.3574409391,0.12,0.1281004243,0.06678985626,2026-07-13,47
KXHIGHNY,2026-07-15,16,97-98,0.08,0.1691967109,0.1585188119,0,False,hourly_snapshot,2026-07-15 19:51:00+00:00,2026-07-15 20:00:00+00:00,95,1,0,0,95,202607160618-KOKX-CDUS41-CLINYC,2026-07-16 06:18:00+00:00,95,0,0.2385188119,2025-09-28,0.1691967109,0.1999390574,0.08,0.0859574355,0.06678985626,2026-07-13,47
KXHIGHNY,2026-07-15,17,97-98,0.03,0.1449295621,0.1931623762,0,False,hourly_snapshot,2026-07-15 20:51:00+00:00,2026-07-15 21:00:00+00:00,95,3,-2,0,95,202607160618-KOKX-CDUS41-CLINYC,2026-07-16 06:18:00+00:00,95,0,0.2231623762,2025-09-28,0.1449295621,0.1999390574,0.03,0.03767612893,0.06678985626,2026-07-13,47
KXHIGHNY,2026-07-16,13,89-90,0.035,0.008502195292,-0.02836138614,0,False,hourly_snapshot,2026-07-16 16:51:00+00:00,2026-07-16 17:00:00+00:00,81,0,1,4,85,202607170617-KOKX-CDUS41-CLINYC,2026-07-17 06:17:00+00:00,85,0,0.006638613861,2025-09-28,0.008502195292,0.05972357047,0.035,0.03248223007,0.09501805758,2026-07-14,48
KXHIGHNY,2026-07-16,13,91-92,0.045,0.001397478282,-0.03633663366,0,False,hourly_snapshot,2026-07-16 16:51:00+00:00,2026-07-16 17:00:00+00:00,81,0,1,4,85,202607170617-KOKX-CDUS41-CLINYC,2026-07-17 06:17:00+00:00,85,0,0.008663366337,2025-09-28,0.001397478282,0,0.045,0.04085697308,0.09501805758,2026-07-14,48
KXHIGHNY,2026-07-17,13,85-86,0.55,0.2238494269,-0.05940594059,1,False,hourly_snapshot,2026-07-17 16:51:00+00:00,2026-07-17 17:00:00+00:00,85,0,1,1,86,202607180617-KOKX-CDUS41-CLINYC,2026-07-18 06:17:00+00:00,86,0,0.4905940594,2025-09-28,0.2238494269,0.3450040739,0.55,0.5206358125,0.0900326106,2026-07-15,49
KXHIGHNY,2026-07-17,13,87-88,0.37,0.5544807951,-0.00823960396,0,False,hourly_snapshot,2026-07-17 16:51:00+00:00,2026-07-17 17:00:00+00:00,85,0,1,1,86,202607180617-KOKX-CDUS41-CLINYC,2026-07-18 06:17:00+00:00,86,0,0.361760396,2025-09-28,0.5544807951,0.5633093741,0.37,0.3866092876,0.0900326106,2026-07-15,49
KXHIGHNY,2026-07-17,13,89-90,0.075,0.179706321,0.02869009901,0,False,hourly_snapshot,2026-07-17 16:51:00+00:00,2026-07-17 17:00:00+00:00,85,0,1,1,86,202607180617-KOKX-CDUS41-CLINYC,2026-07-18 06:17:00+00:00,86,0,0.103690099,2025-09-28,0.179706321,0.1938365805,0.075,0.08442698342,0.0900326106,2026-07-15,49
KXHIGHNY,2026-07-17,14,85-86,0.705,0.4053050334,-0.09367722772,1,False,hourly_snapshot,2026-07-17 17:51:00+00:00,2026-07-17 18:00:00+00:00,85,0,0,1,86,202607180617-KOKX-CDUS41-CLINYC,2026-07-18 06:17:00+00:00,86,0,0.6113227723,2025-09-28,0.4053050334,0.4516532516,0.705,0.6780176798,0.0900326106,2026-07-15,49
KXHIGHNY,2026-07-17,14,87-88,0.275,0.4691240806,0.03460594059,0,False,hourly_snapshot,2026-07-17 17:51:00+00:00,2026-07-17 18:00:00+00:00,85,0,0,1,86,202607180617-KOKX-CDUS41-CLINYC,2026-07-18 06:17:00+00:00,86,0,0.3096059406,2025-09-28,0.4691240806,0.4516532516,0.275,0.2924774978,0.0900326106,2026-07-15,49
KXHIGHNY,2026-07-17,14,89-90,0.035,0.09327676554,0.01965148515,0,False,hourly_snapshot,2026-07-17 17:51:00+00:00,2026-07-17 18:00:00+00:00,85,0,0,1,86,202607180617-KOKX-CDUS41-CLINYC,2026-07-18 06:17:00+00:00,86,0,0.05465148515,2025-09-28,0.09327676554,0.09043649487,0.035,0.04024680934,0.0900326106,2026-07-15,49
KXHIGHNY,2026-07-17,15,85-86,0.8,0.5855304463,-0.1099128713,1,False,hourly_snapshot,2026-07-17 18:51:00+00:00,2026-07-17 19:00:00+00:00,85,0,0,1,86,202607180617-KOKX-CDUS41-CLINYC,2026-07-18 06:17:00+00:00,86,0,0.6900871287,2025-09-28,0.5855304463,0.5633093741,0.8,0.7806907462,0.0900326106,2026-07-15,49
KXHIGHNY,2026-07-17,15,87-88,0.195,0.3878071979,0.06722376238,0,False,hourly_snapshot,2026-07-17 18:51:00+00:00,2026-07-17 19:00:00+00:00,85,0,0,1,86,202607180617-KOKX-CDUS41-CLINYC,2026-07-18 06:17:00+00:00,86,0,0.2622237624,2025-09-28,0.3878071979,0.4516532516,0.195,0.2123589354,0.0900326106,2026-07-15,49
KXHIGHNY,2026-07-17,16,85-86,0.785,0.692341293,-0.05858415842,1,False,hourly_snapshot,2026-07-17 19:51:00+00:00,2026-07-17 20:00:00+00:00,85,0,0,1,86,202607180617-KOKX-CDUS41-CLINYC,2026-07-18 06:17:00+00:00,86,0,0.7264158416,2025-09-28,0.692341293,0.5633093741,0.785,0.7766576947,0.0900326106,2026-07-15,49
KXHIGHNY,2026-07-17,16,87-88,0.215,0.2858182877,0.02351881188,0,False,hourly_snapshot,2026-07-17 19:51:00+00:00,2026-07-17 20:00:00+00:00,85,0,0,1,86,202607180617-KOKX-CDUS41-CLINYC,2026-07-18 06:17:00+00:00,86,0,0.2385188119,2025-09-28,0.2858182877,0.3683057871,0.215,0.2213759553,0.0900326106,2026-07-15,49
KXHIGHNY,2026-07-17,17,85-86,0.83,0.3269138554,-0.5173188119,1,False,hourly_snapshot,2026-07-17 20:51:00+00:00,2026-07-17 21:00:00+00:00,86,0,1,0,86,202607180617-KOKX-CDUS41-CLINYC,2026-07-18 06:17:00+00:00,86,0,0.3126811881,2025-09-28,0.3269138554,0.3683057871,0.83,0.784705841,0.0900326106,2026-07-15,49
KXHIGHNY,2026-07-17,17,87-88,0.165,0.6288798745,0.4300019802,0,False,hourly_snapshot,2026-07-17 20:51:00+00:00,2026-07-17 21:00:00+00:00,86,0,1,0,86,202607180617-KOKX-CDUS41-CLINYC,2026-07-18 06:17:00+00:00,86,0,0.5950019802,2025-09-28,0.6288798745,0.5633093741,0.165,0.2067643161,0.0900326106,2026-07-15,49
KXHIGHNY,2026-07-17,18,85-86,0.905,0.3878465721,-0.5894039604,1,False,hourly_snapshot,2026-07-17 21:51:00+00:00,2026-07-17 22:00:00+00:00,86,2,-2,0,86,202607180617-KOKX-CDUS41-CLINYC,2026-07-18 06:17:00+00:00,86,0,0.3155960396,2025-09-28,0.3878465721,0.4516532516,0.905,0.8584393268,0.0900326106,2026-07-15,49
KXHIGHNY,2026-07-17,18,87-88,0.11,0.5973928544,0.4835445545,0,False,hourly_snapshot,2026-07-17 21:51:00+00:00,2026-07-17 22:00:00+00:00,86,2,-2,0,86,202607180617-KOKX-CDUS41-CLINYC,2026-07-18 06:17:00+00:00,86,0,0.5935445545,2025-09-28,0.5973928544,0.5633093741,0.11,0.1538812511,0.0900326106,2026-07-15,49
KXHIGHNY,2026-07-18,13,79-80,0.09,0.2903162055,0.1200920792,0,False,hourly_snapshot,2026-07-18 17:00:00+00:00,2026-07-18 17:00:00+00:00,76,6,0,0,76,202607190619-KOKX-CDUS41-CLINYC,2026-07-19 06:19:00+00:00,76,0,0.2100920792,2025-09-28,0.2903162055,0.3683057871,0.09,0.1080592054,0.09015349185,2026-07-16,50
KXHIGHNY,2026-07-18,13,81-82,0.055,0.05484189723,-0.003810891089,0,False,hourly_snapshot,2026-07-18 17:00:00+00:00,2026-07-18 17:00:00+00:00,76,6,0,0,76,202607190619-KOKX-CDUS41-CLINYC,2026-07-19 06:19:00+00:00,76,0,0.05118910891,2025-09-28,0.05484189723,0.09043649487,0.055,0.05498574648,0.09015349185,2026-07-16,50
KXHIGHNY,2026-07-18,14,79-80,0.045,0.1305718475,0.0968960396,0,False,hourly_snapshot,2026-07-18 17:51:00+00:00,2026-07-18 18:00:00+00:00,76,6,0,0,76,202607190619-KOKX-CDUS41-CLINYC,2026-07-19 06:19:00+00:00,76,0,0.1418960396,2025-09-28,0.1305718475,0.1769951432,0.045,0.05271460086,0.09015349185,2026-07-16,50
KXHIGHNY,2026-07-18,15,79-80,0.065,0.02921129503,0.03395742574,0,False,hourly_snapshot,2026-07-18 18:51:00+00:00,2026-07-18 19:00:00+00:00,76,6,-4.285714286,0,76,202607190619-KOKX-CDUS41-CLINYC,2026-07-19 06:19:00+00:00,76,0,0.09895742574,2025-09-28,0.02921129503,0.09043649487,0.065,0.06177352328,0.09015349185,2026-07-16,50
KXHIGHNY,2026-07-18,15,81-82,0.045,0.02036938154,-0.02950594059,0,False,hourly_snapshot,2026-07-18 18:51:00+00:00,2026-07-18 19:00:00+00:00,76,6,-4.285714286,0,76,202607190619-KOKX-CDUS41-CLINYC,2026-07-19 06:19:00+00:00,76,0,0.01549405941,2025-09-28,0.02036938154,0.05411991835,0.045,0.04277946374,0.09015349185,2026-07-16,50
KXHIGHNY,2026-07-18,16,79-80,0.12,0.046875,-0.0375980198,0,False,hourly_snapshot,2026-07-18 19:51:00+00:00,2026-07-18 20:00:00+00:00,76,2,2.4,0,76,202607190619-KOKX-CDUS41-CLINYC,2026-07-19 06:19:00+00:00,76,0,0.0824019802,2025-09-28,0.046875,0.09043649487,0.12,0.1134075259,0.09015349185,2026-07-16,50
KXHIGHNY,2026-07-18,17,79-80,0.045,0.005766005032,0.02723069307,0,False,hourly_snapshot,2026-07-18 20:58:00+00:00,2026-07-18 21:00:00+00:00,76,2,0,0,76,202607190619-KOKX-CDUS41-CLINYC,2026-07-19 06:19:00+00:00,76,0,0.07223069307,2025-09-28,0.005766005032,0.05338765762,0.045,0.04146291835,0.09015349185,2026-07-16,50
KXHIGHNY,2026-07-18,18,79-80,0.045,0.003637452927,0.02586435644,0,False,hourly_snapshot,2026-07-18 21:59:00+00:00,2026-07-18 22:00:00+00:00,76,2,0,0,76,202607190619-KOKX-CDUS41-CLINYC,2026-07-19 06:19:00+00:00,76,0,0.07086435644,2025-09-28,0.003637452927,0,0.045,0.04127102195,0.09015349185,2026-07-16,50
KXHIGHNY,2026-07-19,13,80-81,0.465,0.2112184648,-0.361309901,0,False,hourly_snapshot,2026-07-19 17:00:00+00:00,2026-07-19 17:00:00+00:00,76,0,0,3,79,202607200618-KOKX-CDUS41-CLINYC,2026-07-20 06:18:00+00:00,79,0,0.103690099,2025-09-28,0.2112184648,0.3546277312,0.465,0.4465102927,0.07285678713,2026-07-17,51
KXHIGHNY,2026-07-19,13,82-83,0.055,0.08157663592,-0.02861683168,0,False,hourly_snapshot,2026-07-19 17:00:00+00:00,2026-07-19 17:00:00+00:00,76,0,0,3,79,202607200618-KOKX-CDUS41-CLINYC,2026-07-20 06:18:00+00:00,79,0,0.02638316832,2025-09-28,0.08157663592,0.0895068214,0.055,0.05693628831,0.07285678713,2026-07-17,51
KXHIGHNY,2026-07-19,14,80-81,0.335,0.1151702155,-0.1931039604,0,False,hourly_snapshot,2026-07-19 17:51:00+00:00,2026-07-19 18:00:00+00:00,77,0,1.176470588,2,79,202607200618-KOKX-CDUS41-CLINYC,2026-07-20 06:18:00+00:00,79,0,0.1418960396,2025-09-28,0.1151702155,0.1451807023,0.335,0.3189839082,0.07285678713,2026-07-17,51
KXHIGHNY,2026-07-19,14,82-83,0.085,0.02378171618,-0.06038910891,0,False,hourly_snapshot,2026-07-19 17:51:00+00:00,2026-07-19 18:00:00+00:00,77,0,1.176470588,2,79,202607200618-KOKX-CDUS41-CLINYC,2026-07-20 06:18:00+00:00,79,0,0.02461089109,2025-09-28,0.02378171618,0.0895068214,0.085,0.08053983253,0.07285678713,2026-07-17,51
KXHIGHNY,2026-07-19,15,80-81,0.47,0.2922966692,-0.2077762376,0,False,hourly_snapshot,2026-07-19 18:51:00+00:00,2026-07-19 19:00:00+00:00,78,0,1,1,79,202607200618-KOKX-CDUS41-CLINYC,2026-07-20 06:18:00+00:00,79,0,0.2622237624,2025-09-28,0.2922966692,0.3713508668,0.47,0.4570531063,0.07285678713,2026-07-17,51
KXHIGHNY,2026-07-19,15,82-83,0.045,0.03399848301,-0.01157029703,0,False,hourly_snapshot,2026-07-19 18:51:00+00:00,2026-07-19 19:00:00+00:00,78,0,1,1,79,202607200618-KOKX-CDUS41-CLINYC,2026-07-20 06:18:00+00:00,79,0,0.03342970297,2025-09-28,0.03399848301,0.0895068214,0.045,0.04419846482,0.07285678713,2026-07-17,51
KXHIGHNY,2026-07-19,16,80-81,0.615,0.6130619548,-0.02011287129,0,False,hourly_snapshot,2026-07-19 19:51:00+00:00,2026-07-19 20:00:00+00:00,79,0,1,0,79,202607200618-KOKX-CDUS41-CLINYC,2026-07-20 06:18:00+00:00,79,0,0.5948871287,2025-09-28,0.6130619548,0.5556612149,0.615,0.6148588003,0.07285678713,2026-07-17,51
KXHIGHNY,2026-07-19,16,82-83,0.06,0.05323193916,0.0224019802,0,False,hourly_snapshot,2026-07-19 19:51:00+00:00,2026-07-19 20:00:00+00:00,79,0,1,0,79,202607200618-KOKX-CDUS41-CLINYC,2026-07-20 06:18:00+00:00,79,0,0.0824019802,2025-09-28,0.05323193916,0.0895068214,0.06,0.05950690083,0.07285678713,2026-07-17,51
KXHIGHNY,2026-07-19,17,80-81,0.405,0.8185292688,0.1900019802,0,False,hourly_snapshot,2026-07-19 20:51:00+00:00,2026-07-19 21:00:00+00:00,79,0,0,0,79,202607200618-KOKX-CDUS41-CLINYC,2026-07-20 06:18:00+00:00,79,0,0.5950019802,2025-09-28,0.8185292688,0.8945024671,0.405,0.4351284139,0.07285678713,2026-07-17,51
KXHIGHNY,2026-07-19,18,80-81,0.09,0.6581782391,0.5035445545,0,False,hourly_snapshot,2026-07-19 21:51:00+00:00,2026-07-19 22:00:00+00:00,79,1,-1,0,79,202607200618-KOKX-CDUS41-CLINYC,2026-07-20 06:18:00+00:00,79,0,0.5935445545,2025-09-28,0.6581782391,0.5556612149,0.09,0.131395641,0.07285678713,2026-07-17,51
KXHIGHNY,2026-07-20,13,79-80,0.465,0.2238494269,0.02559405941,0,False,hourly_snapshot,2026-07-20 16:51:00+00:00,2026-07-20 17:00:00+00:00,79,0,4,1,81,202607210620-KOKX-CDUS41-CLINYC,2026-07-21 06:20:00+00:00,80,1,0.4905940594,2025-09-28,0.2238494269,0.3546277312,0.465,0.447563069,0.07230723431,2026-07-18,52
KXHIGHNY,2026-07-20,13,81-82,0.515,0.5544807951,-0.153239604,1,False,hourly_snapshot,2026-07-20 16:51:00+00:00,2026-07-20 17:00:00+00:00,79,0,4,1,81,202607210620-KOKX-CDUS41-CLINYC,2026-07-21 06:20:00+00:00,80,1,0.361760396,2025-09-28,0.5544807951,0.5556612149,0.515,0.5178547471,0.07230723431,2026-07-18,52
KXHIGHNY,2026-07-20,13,83-84,0.045,0.179706321,0.05869009901,0,False,hourly_snapshot,2026-07-20 16:51:00+00:00,2026-07-20 17:00:00+00:00,79,0,4,1,81,202607210620-KOKX-CDUS41-CLINYC,2026-07-21 06:20:00+00:00,80,1,0.103690099,2025-09-28,0.179706321,0.1891167005,0.045,0.05474024151,0.07230723431,2026-07-18,52
KXHIGHNY,2026-07-20,14,79-80,0.54,0.4053050334,0.2133,0,False,metar_6h_group,2026-07-20 17:51:00+00:00,2026-07-20 18:00:00+00:00,79,0,0,1,81,202607210620-KOKX-CDUS41-CLINYC,2026-07-21 06:20:00+00:00,80,1,0.7533,2025-09-28,0.4053050334,0.4556195384,0.54,0.5302605795,0.07230723431,2026-07-18,52
KXHIGHNY,2026-07-20,14,81-82,0.46,0.4691240806,-0.2448,1,False,metar_6h_group,2026-07-20 17:51:00+00:00,2026-07-20 18:00:00+00:00,79,0,0,1,81,202607210620-KOKX-CDUS41-CLINYC,2026-07-21 06:20:00+00:00,80,1,0.2152,2025-09-28,0.4691240806,0.4556195384,0.46,0.460659737,0.07230723431,2026-07-18,52
KXHIGHNY,2026-07-20,14,83-84,0.035,0.09327676554,-0.014,0,False,metar_6h_group,2026-07-20 17:51:00+00:00,2026-07-20 18:00:00+00:00,79,0,0,1,81,202607210620-KOKX-CDUS41-CLINYC,2026-07-21 06:20:00+00:00,80,1,0.021,2025-09-28,0.09327676554,0.08492356418,0.035,0.03921383174,0.07230723431,2026-07-18,52
KXHIGHNY,2026-07-20,15,79-80,0.265,0.2193996593,0.6195,0,False,metar_6h_group,2026-07-20 18:51:00+00:00,2026-07-20 19:00:00+00:00,80,0,1,0,81,202607210620-KOKX-CDUS41-CLINYC,2026-07-21 06:20:00+00:00,80,1,0.8845,2025-09-28,0.2193996593,0.3546277312,0.265,0.2617027655,0.07230723431,2026-07-18,52
KXHIGHNY,2026-07-20,15,81-82,0.675,0.6776600519,-0.5674,1,False,metar_6h_group,2026-07-20 18:51:00+00:00,2026-07-20 19:00:00+00:00,80,0,1,0,81,202607210620-KOKX-CDUS41-CLINYC,2026-07-21 06:20:00+00:00,80,1,0.1076,2025-09-28,0.6776600519,0.5556612149,0.675,0.675192341,0.07230723431,2026-07-18,52
KXHIGHNY,2026-07-20,15,83-84,0.03,0.08035337006,-0.0247,0,False,metar_6h_group,2026-07-20 18:51:00+00:00,2026-07-20 19:00:00+00:00,80,0,1,0,81,202607210620-KOKX-CDUS41-CLINYC,2026-07-21 06:20:00+00:00,80,1,0.0053,2025-09-28,0.08035337006,0.08492356418,0.03,0.03364091293,0.07230723431,2026-07-18,52
KXHIGHNY,2026-07-20,16,79-80,0.725,0.3113040397,0.2266,0,True,metar_6h_group,2026-07-20 19:51:00+00:00,2026-07-20 20:00:00+00:00,80,1,-1,0,81,202607210620-KOKX-CDUS41-CLINYC,2026-07-21 06:20:00+00:00,80,1,0.9516,2025-09-28,0.3113040397,0.3647347608,0.725,0.6950867893,0.07230723431,2026-07-18,52
KXHIGHNY,2026-07-20,16,81-82,0.275,0.6761162296,-0.2266,1,True,metar_6h_group,2026-07-20 19:51:00+00:00,2026-07-20 20:00:00+00:00,80,1,-1,0,81,202607210620-KOKX-CDUS41-CLINYC,2026-07-21 06:20:00+00:00,80,1,0.0484,2025-09-28,0.6761162296,0.5556612149,0.275,0.3040036052,0.07230723431,2026-07-18,52
KXHIGHNY,2026-07-21,13,79-80,0.595,0.2238494269,-0.1044059406,0,False,hourly_snapshot,2026-07-21 16:51:00+00:00,2026-07-21 17:00:00+00:00,79,0,1,1,81,202607220627-KOKX-CDUS41-CLINYC,2026-07-22 06:27:00+00:00,80,1,0.4905940594,2025-09-28,0.2238494269,0.3474801421,0.595,0.568076778,0.07253989058,2026-07-19,53
KXHIGHNY,2026-07-21,13,81-82,0.325,0.5544807951,0.03676039604,1,False,hourly_snapshot,2026-07-21 16:51:00+00:00,2026-07-21 17:00:00+00:00,79,0,1,1,81,202607220627-KOKX-CDUS41-CLINYC,2026-07-22 06:27:00+00:00,80,1,0.361760396,2025-09-28,0.5544807951,0.5414608057,0.325,0.3416465118,0.07253989058,2026-07-19,53
KXHIGHNY,2026-07-21,13,83-84,0.075,0.179706321,0.02869009901,0,False,hourly_snapshot,2026-07-21 16:51:00+00:00,2026-07-21 17:00:00+00:00,79,0,1,1,81,202607220627-KOKX-CDUS41-CLINYC,2026-07-22 06:27:00+00:00,80,1,0.103690099,2025-09-28,0.179706321,0.1891167005,0.075,0.08259538507,0.07253989058,2026-07-19,53
KXHIGHNY,2026-07-21,14,81-82,0.935,0.719406042,-0.0413,1,False,metar_6h_group,2026-07-21 17:51:00+00:00,2026-07-21 18:00:00+00:00,80,1,-2.142857143,0,81,202607220627-KOKX-CDUS41-CLINYC,2026-07-22 06:27:00+00:00,80,1,0.8937,2025-09-28,0.719406042,0.8589061958,0.935,0.9193608379,0.07253989058,2026-07-19,53
KXHIGHNY,2026-07-21,14,83-84,0.05,0.1446259833,0.0432,0,False,metar_6h_group,2026-07-21 17:51:00+00:00,2026-07-21 18:00:00+00:00,80,1,-2.142857143,0,81,202607220627-KOKX-CDUS41-CLINYC,2026-07-22 06:27:00+00:00,80,1,0.0932,2025-09-28,0.1446259833,0.1611492364,0.05,0.05686415848,0.07253989058,2026-07-19,53
KXHIGHNY,2026-07-22,13,84-85,0.355,0.2238494269,0.1355940594,1,False,hourly_snapshot,2026-07-22 16:51:00+00:00,2026-07-22 17:00:00+00:00,84,0,2,1,85,202607230619-KOKX-CDUS41-CLINYC,2026-07-23 06:19:00+00:00,85,0,0.4905940594,2025-09-28,0.2238494269,0.335196595,0.355,0.3430798612,0.0908889572,2026-07-20,54
KXHIGHNY,2026-07-22,13,86-87,0.64,0.5544807951,-0.278239604,0,False,hourly_snapshot,2026-07-22 16:51:00+00:00,2026-07-22 17:00:00+00:00,84,0,2,1,85,202607230619-KOKX-CDUS41-CLINYC,2026-07-23 06:19:00+00:00,85,0,0.361760396,2025-09-28,0.5544807951,0.5566625641,0.64,0.6322272486,0.0908889572,2026-07-20,54
KXHIGHNY,2026-07-22,14,84-85,0.25,0.1515389519,-0.01133069307,1,False,hourly_snapshot,2026-07-22 17:51:00+00:00,2026-07-22 18:00:00+00:00,85,0,1,0,85,202607230619-KOKX-CDUS41-CLINYC,2026-07-23 06:19:00+00:00,85,0,0.2386693069,2025-09-28,0.1515389519,0.1834320244,0.25,0.241050978,0.0908889572,2026-07-20,54
KXHIGHNY,2026-07-22,14,86-87,0.735,0.6967741935,-0.1581485149,0,False,hourly_snapshot,2026-07-22 17:51:00+00:00,2026-07-22 18:00:00+00:00,85,0,1,0,85,202607230619-KOKX-CDUS41-CLINYC,2026-07-23 06:19:00+00:00,85,0,0.5768514851,2025-09-28,0.6967741935,0.6054950752,0.735,0.7315256963,0.0908889572,2026-07-20,54
KXHIGHNY,2026-07-22,15,84-85,0.205,0.09033696375,0.07523762376,1,False,hourly_snapshot,2026-07-22 18:51:00+00:00,2026-07-22 19:00:00+00:00,85,0,0,0,85,202607230619-KOKX-CDUS41-CLINYC,2026-07-23 06:19:00+00:00,85,0,0.2802376238,2025-09-28,0.09033696375,0.07867325852,0.205,0.1945783962,0.0908889572,2026-07-20,54
KXHIGHNY,2026-07-22,15,86-87,0.78,0.8239840898,-0.1867445545,0,False,hourly_snapshot,2026-07-22 18:51:00+00:00,2026-07-22 19:00:00+00:00,85,0,0,0,85,202607230619-KOKX-CDUS41-CLINYC,2026-07-23 06:19:00+00:00,85,0,0.5932554455,2025-09-28,0.8239840898,0.8589061958,0.78,0.7839976681,0.0908889572,2026-07-20,54
KXHIGHNY,2026-07-22,16,84-85,0.225,0.3113040397,0.0764970297,1,False,hourly_snapshot,2026-07-22 19:51:00+00:00,2026-07-22 20:00:00+00:00,85,1,-1,0,85,202607230619-KOKX-CDUS41-CLINYC,2026-07-23 06:19:00+00:00,85,0,0.3014970297,2025-09-28,0.3113040397,0.3532866412,0.225,0.2328440842,0.0908889572,2026-07-20,54
KXHIGHNY,2026-07-22,16,86-87,0.77,0.6761162296,-0.1751128713,0,False,hourly_snapshot,2026-07-22 19:51:00+00:00,2026-07-22 20:00:00+00:00,85,1,-1,0,85,202607230619-KOKX-CDUS41-CLINYC,2026-07-23 06:19:00+00:00,85,0,0.5948871287,2025-09-28,0.6761162296,0.5572994801,0.77,0.761467002,0.0908889572,2026-07-20,54
KXHIGHNY,2026-07-22,17,84-85,0.61,0.3269138554,-0.2973188119,1,False,hourly_snapshot,2026-07-22 20:51:00+00:00,2026-07-22 21:00:00+00:00,85,0,1,0,85,202607230619-KOKX-CDUS41-CLINYC,2026-07-23 06:19:00+00:00,85,0,0.3126811881,2025-09-28,0.3269138554,0.3532866412,0.61,0.5842705955,0.0908889572,2026-07-20,54
KXHIGHNY,2026-07-22,17,86-87,0.4,0.6288798745,0.1950019802,0,False,hourly_snapshot,2026-07-22 20:51:00+00:00,2026-07-22 21:00:00+00:00,85,0,1,0,85,202607230619-KOKX-CDUS41-CLINYC,2026-07-23 06:19:00+00:00,85,0,0.5950019802,2025-09-28,0.6288798745,0.5566625641,0.4,0.4208026531,0.0908889572,2026-07-20,54
KXHIGHNY,2026-07-22,18,84-85,0.875,0.3878465721,-0.5594039604,1,False,hourly_snapshot,2026-07-22 21:51:00+00:00,2026-07-22 22:00:00+00:00,85,2,-2,0,85,202607230619-KOKX-CDUS41-CLINYC,2026-07-23 06:19:00+00:00,85,0,0.3155960396,2025-09-28,0.3878465721,0.4578215174,0.875,0.8307231329,0.0908889572,2026-07-20,54
KXHIGHNY,2026-07-22,18,86-87,0.14,0.5973928544,0.4535445545,0,False,hourly_snapshot,2026-07-22 21:51:00+00:00,2026-07-22 22:00:00+00:00,85,2,-2,0,85,202607230619-KOKX-CDUS41-CLINYC,2026-07-23 06:19:00+00:00,85,0,0.5935445545,2025-09-28,0.5973928544,0.5566625641,0.14,0.1815719596,0.0908889572,2026-07-20,54
KXHIGHNY,2026-07-23,13,79-80,0.52,0.5075244819,0.01417821782,1,False,hourly_snapshot,2026-07-23 16:51:00+00:00,2026-07-23 17:00:00+00:00,78,0,3,1,79,202607240626-KOKX-CDUS41-CLINYC,2026-07-24 06:26:00+00:00,79,0,0.5341782178,2025-09-28,0.5075244819,0.5130615368,0.52,0.5186575704,0.1076051186,2026-07-21,55
KXHIGHNY,2026-07-23,13,81-82,0.48,0.383393995,-0.2699079208,0,False,hourly_snapshot,2026-07-23 16:51:00+00:00,2026-07-23 17:00:00+00:00,78,0,3,1,79,202607240626-KOKX-CDUS41-CLINYC,2026-07-24 06:26:00+00:00,79,0,0.2100920792,2025-09-28,0.383393995,0.3532866412,0.48,0.4696046994,0.1076051186,2026-07-21,55
KXHIGHNY,2026-07-23,14,79-80,0.61,0.719406042,-0.3948,1,False,metar_6h_group,2026-07-23 17:51:00+00:00,2026-07-23 18:00:00+00:00,78,1,-1,1,79,202607240626-KOKX-CDUS41-CLINYC,2026-07-24 06:26:00+00:00,79,0,0.2152,2025-09-28,0.719406042,0.8697752653,0.61,0.6217726501,0.1076051186,2026-07-21,55
KXHIGHNY,2026-07-23,14,81-82,0.19,0.1446259833,-0.169,0,False,metar_6h_group,2026-07-23 17:51:00+00:00,2026-07-23 18:00:00+00:00,78,1,-1,1,79,202607240626-KOKX-CDUS41-CLINYC,2026-07-24 06:26:00+00:00,79,0,0.021,2025-09-28,0.1446259833,0.1409578965,0.19,0.1851175236,0.1076051186,2026-07-21,55
KXHIGHNY,2026-07-23,15,79-80,0.755,0.664831228,-0.06491287129,1,False,hourly_snapshot,2026-07-23 18:51:00+00:00,2026-07-23 19:00:00+00:00,79,0,2,0,79,202607240626-KOKX-CDUS41-CLINYC,2026-07-24 06:26:00+00:00,79,0,0.6900871287,2025-09-28,0.664831228,0.5675809888,0.755,0.7452973786,0.1076051186,2026-07-21,55
KXHIGHNY,2026-07-23,15,81-82,0.23,0.2922966692,0.03222376238,0,False,hourly_snapshot,2026-07-23 18:51:00+00:00,2026-07-23 19:00:00+00:00,79,0,2,0,79,202607240626-KOKX-CDUS41-CLINYC,2026-07-24 06:26:00+00:00,79,0,0.2622237624,2025-09-28,0.2922966692,0.3532866412,0.23,0.2367034405,0.1076051186,2026-07-21,55
KXHIGHNY,2026-07-23,16,79-80,0.965,0.8244153083,-0.2385841584,1,False,hourly_snapshot,2026-07-23 19:51:00+00:00,2026-07-23 20:00:00+00:00,79,1,-1,0,79,202607240626-KOKX-CDUS41-CLINYC,2026-07-24 06:26:00+00:00,79,0,0.7264158416,2025-09-28,0.8244153083,0.8859792006,0.965,0.9498723676,0.1076051186,2026-07-21,55
KXHIGHNY,2026-07-24,13,81-82,0.725,0.2238494269,-0.2344059406,0,False,hourly_snapshot,2026-07-24 16:51:00+00:00,2026-07-24 17:00:00+00:00,81,0,1,0,83,202607250626-KOKX-CDUS41-CLINYC,2026-07-25 06:26:00+00:00,81,2,0.4905940594,2025-09-28,0.2238494269,0.3330518042,0.725,0.6761099773,0.09755555572,2026-07-22,56
KXHIGHNY,2026-07-24,13,83-84,0.255,0.5544807951,0.106760396,1,False,hourly_snapshot,2026-07-24 16:51:00+00:00,2026-07-24 17:00:00+00:00,81,0,1,0,83,202607250626-KOKX-CDUS41-CLINYC,2026-07-25 06:26:00+00:00,81,2,0.361760396,2025-09-28,0.5544807951,0.5456634053,0.255,0.2842160154,0.09755555572,2026-07-22,56
KXHIGHNY,2026-07-24,14,81-82,0.79,0.4053050334,-0.0367,0,False,metar_6h_group,2026-07-24 17:51:00+00:00,2026-07-24 18:00:00+00:00,81,0,0,0,83,202607250626-KOKX-CDUS41-CLINYC,2026-07-25 06:26:00+00:00,81,2,0.7533,2025-09-28,0.4053050334,0.4698768597,0.79,0.7524708688,0.09755555572,2026-07-22,56
KXHIGHNY,2026-07-24,14,83-84,0.195,0.4691240806,0.0202,1,False,metar_6h_group,2026-07-24 17:51:00+00:00,2026-07-24 18:00:00+00:00,81,0,0,0,83,202607250626-KOKX-CDUS41-CLINYC,2026-07-25 06:26:00+00:00,81,2,0.2152,2025-09-28,0.4691240806,0.4698768597,0.195,0.221742327,0.09755555572,2026-07-22,56
KXHIGHNY,2026-07-24,15,81-82,0.875,0.5855304463,0.0095,0,False,metar_6h_group,2026-07-24 18:51:00+00:00,2026-07-24 19:00:00+00:00,81,0,0,0,83,202607250626-KOKX-CDUS41-CLINYC,2026-07-25 06:26:00+00:00,81,2,0.8845,2025-09-28,0.5855304463,0.5456634053,0.875,0.8467606368,0.09755555572,2026-07-22,56
KXHIGHNY,2026-07-24,15,83-84,0.125,0.3878071979,-0.0174,1,False,metar_6h_group,2026-07-24 18:51:00+00:00,2026-07-24 19:00:00+00:00,81,0,0,0,83,202607250626-KOKX-CDUS41-CLINYC,2026-07-25 06:26:00+00:00,81,2,0.1076,2025-09-28,0.3878071979,0.4698768597,0.125,0.1506383022,0.09755555572,2026-07-22,56
KXHIGHNY,2026-07-24,16,81-82,0.935,0.8634117647,0.0166,0,True,metar_6h_group,2026-07-24 19:51:00+00:00,2026-07-24 20:00:00+00:00,81,3,-3,0,83,202607250626-KOKX-CDUS41-CLINYC,2026-07-25 06:26:00+00:00,81,2,0.9516,2025-09-28,0.8634117647,1,0.935,0.9280161699,0.09755555572,2026-07-22,56
KXHIGHNY,2026-07-24,16,83-84,0.065,0.1349411765,-0.0166,1,True,metar_6h_group,2026-07-24 19:51:00+00:00,2026-07-24 20:00:00+00:00,81,3,-3,0,83,202607250626-KOKX-CDUS41-CLINYC,2026-07-25 06:26:00+00:00,81,2,0.0484,2025-09-28,0.1349411765,0.1409578965,0.065,0.07182315034,0.09755555572,2026-07-22,56
KXHIGHNY,2026-07-25,13,80-81,0.645,0.2238494269,-0.1544059406,1,False,hourly_snapshot,2026-07-25 16:51:00+00:00,2026-07-25 17:00:00+00:00,80,0,2,0,81,202607260640-KOKX-CDUS41-CLINYC,2026-07-26 06:40:00+00:00,80,1,0.4905940594,2025-09-28,0.2238494269,0.3330518042,0.645,0.6033303159,0.09894248469,2026-07-23,57
KXHIGHNY,2026-07-25,13,82-83,0.345,0.5544807951,0.01676039604,0,False,hourly_snapshot,2026-07-25 16:51:00+00:00,2026-07-25 17:00:00+00:00,80,0,2,0,81,202607260640-KOKX-CDUS41-CLINYC,2026-07-26 06:40:00+00:00,80,1,0.361760396,2025-09-28,0.5544807951,0.5474820173,0.345,0.3657265504,0.09894248469,2026-07-23,57
KXHIGHNY,2026-07-25,14,80-81,0.82,0.4053050334,0.0737,1,False,metar_6h_group,2026-07-25 17:51:00+00:00,2026-07-25 18:00:00+00:00,80,0,0,0,81,202607260640-KOKX-CDUS41-CLINYC,2026-07-26 06:40:00+00:00,80,1,0.8937,2025-09-28,0.4053050334,0.4698768597,0.82,0.7789690496,0.09894248469,2026-07-23,57
KXHIGHNY,2026-07-25,14,82-83,0.175,0.4691240806,-0.0818,0,False,metar_6h_group,2026-07-25 17:51:00+00:00,2026-07-25 18:00:00+00:00,80,0,0,0,81,202607260640-KOKX-CDUS41-CLINYC,2026-07-26 06:40:00+00:00,80,1,0.0932,2025-09-28,0.4691240806,0.4698768597,0.175,0.2041013673,0.09894248469,2026-07-23,57
KXHIGHNY,2026-07-25,15,80-81,0.91,0.5855304463,0.0519,1,False,metar_6h_group,2026-07-25 18:51:00+00:00,2026-07-25 19:00:00+00:00,80,0,0,0,81,202607260640-KOKX-CDUS41-CLINYC,2026-07-26 06:40:00+00:00,80,1,0.9619,2025-09-28,0.5855304463,0.5474820173,0.91,0.8778961762,0.09894248469,2026-07-23,57
KXHIGHNY,2026-07-25,15,82-83,0.08,0.3878071979,-0.0471,0,False,metar_6h_group,2026-07-25 18:51:00+00:00,2026-07-25 19:00:00+00:00,80,0,0,0,81,202607260640-KOKX-CDUS41-CLINYC,2026-07-26 06:40:00+00:00,80,1,0.0329,2025-09-28,0.3878071979,0.4698768597,0.08,0.110455209,0.09894248469,2026-07-23,57
KXHIGHNY,2026-07-25,16,80-81,0.9,0.8244153083,0.0843,1,True,metar_6h_group,2026-07-25 19:51:00+00:00,2026-07-25 20:00:00+00:00,80,1,-1,0,81,202607260640-KOKX-CDUS41-CLINYC,2026-07-26 06:40:00+00:00,80,1,0.9843,2025-09-28,0.8244153083,0.911830249,0.9,0.8925214628,0.09894248469,2026-07-23,57
KXHIGHNY,2026-07-25,16,82-83,0.08,0.1731041814,-0.0643,0,True,metar_6h_group,2026-07-25 19:51:00+00:00,2026-07-25 20:00:00+00:00,80,1,-1,0,81,202607260640-KOKX-CDUS41-CLINYC,2026-07-26 06:40:00+00:00,80,1,0.0157,2025-09-28,0.1731041814,0.192913272,0.08,0.08921195905,0.09894248469,2026-07-23,57
KXHIGHNY,2026-07-26,13,83-84,0.8,0.2238494269,-0.3094059406,0,False,hourly_snapshot,2026-07-26 16:51:00+00:00,2026-07-26 17:00:00+00:00,83,0,4,1,85,202607270634-KOKX-CDUS41-CLINYC,2026-07-27 06:34:00+00:00,84,1,0.4905940594,2025-09-28,0.2238494269,0.3255528708,0.8,0.7135375121,0.1500692561,2026-07-24,58
KXHIGHNY,2026-07-26,13,85-86,0.21,0.5544807951,0.151760396,1,False,hourly_snapshot,2026-07-26 16:51:00+00:00,2026-07-26 17:00:00+00:00,83,0,4,1,85,202607270634-KOKX-CDUS41-CLINYC,2026-07-27 06:34:00+00:00,84,1,0.361760396,2025-09-28,0.5544807951,0.545417783,0.21,0.2616959766,0.1500692561,2026-07-24,58
KXHIGHNY,2026-07-26,14,83-84,0.9,0.4912256203,-0.1467,0,False,metar_6h_group,2026-07-26 17:51:00+00:00,2026-07-26 18:00:00+00:00,83,1,-1,1,85,202607270634-KOKX-CDUS41-CLINYC,2026-07-27 06:34:00+00:00,84,1,0.7533,2025-09-28,0.4912256203,0.5210015307,0.9,0.8386555329,0.1500692561,2026-07-24,58
KXHIGHNY,2026-07-26,14,85-86,0.105,0.440208537,0.1102,1,False,metar_6h_group,2026-07-26 17:51:00+00:00,2026-07-26 18:00:00+00:00,83,1,-1,1,85,202607270634-KOKX-CDUS41-CLINYC,2026-07-27 06:34:00+00:00,84,1,0.2152,2025-09-28,0.440208537,0.4877761983,0.105,0.1553044958,0.1500692561,2026-07-24,58
KXHIGHNY,2026-07-26,15,83-84,0.875,0.664831228,0.0095,0,False,metar_6h_group,2026-07-26 18:51:00+00:00,2026-07-26 19:00:00+00:00,83,0,1,1,85,202607270634-KOKX-CDUS41-CLINYC,2026-07-27 06:34:00+00:00,84,1,0.8845,2025-09-28,0.664831228,0.5624306752,0.875,0.8434601287,0.1500692561,2026-07-24,58
KXHIGHNY,2026-07-26,15,85-86,0.12,0.2922966692,-0.0124,1,False,metar_6h_group,2026-07-26 18:51:00+00:00,2026-07-26 19:00:00+00:00,83,0,1,1,85,202607270634-KOKX-CDUS41-CLINYC,2026-07-27 06:34:00+00:00,84,1,0.1076,2025-09-28,0.2922966692,0.3542722335,0.12,0.145856433,0.1500692561,2026-07-24,58
KXHIGHNY,2026-07-26,16,83-84,0.695,0.3295683292,0.2566,0,False,metar_6h_group,2026-07-26 19:51:00+00:00,2026-07-26 20:00:00+00:00,84,0,1,0,85,202607270634-KOKX-CDUS41-CLINYC,2026-07-27 06:34:00+00:00,84,1,0.9516,2025-09-28,0.3295683292,0.3542722335,0.695,0.640159941,0.1500692561,2026-07-24,58
KXHIGHNY,2026-07-26,16,85-86,0.305,0.6130619548,-0.2566,1,False,metar_6h_group,2026-07-26 19:51:00+00:00,2026-07-26 20:00:00+00:00,84,0,1,0,85,202607270634-KOKX-CDUS41-CLINYC,2026-07-27 06:34:00+00:00,84,1,0.0484,2025-09-28,0.6130619548,0.545417783,0.305,0.3512306284,0.1500692561,2026-07-24,58
KXHIGHNY,2026-07-27,13,83-84,0.695,0.2757048748,-0.2044059406,1,False,hourly_snapshot,2026-07-27 16:51:00+00:00,2026-07-27 17:00:00+00:00,83,1,-1,0,83,202607280643-KOKX-CDUS41-CLINYC,2026-07-28 06:43:00+00:00,83,0,0.4905940594,2025-09-28,0.2757048748,0.3489406501,0.695,0.6388510894,0.1339126243,2026-07-25,59
KXHIGHNY,2026-07-27,13,85-86,0.305,0.4306192358,0.05676039604,0,False,hourly_snapshot,2026-07-27 16:51:00+00:00,2026-07-27 17:00:00+00:00,83,1,-1,0,83,202607280643-KOKX-CDUS41-CLINYC,2026-07-28 06:43:00+00:00,83,0,0.361760396,2025-09-28,0.4306192358,0.4748997898,0.305,0.3218220015,0.1339126243,2026-07-25,59
KXHIGHNY,2026-07-27,14,83-84,0.925,0.5580772664,-0.3136772277,1,False,hourly_snapshot,2026-07-27 17:51:00+00:00,2026-07-27 18:00:00+00:00,83,0,1,0,83,202607280643-KOKX-CDUS41-CLINYC,2026-07-28 06:43:00+00:00,83,0,0.6113227723,2025-09-28,0.5580772664,0.5435255522,0.925,0.8758644138,0.1339126243,2026-07-25,59
KXHIGHNY,2026-07-27,14,85-86,0.06,0.3642891751,0.2496059406,0,False,hourly_snapshot,2026-07-27 17:51:00+00:00,2026-07-27 18:00:00+00:00,83,0,1,0,83,202607280643-KOKX-CDUS41-CLINYC,2026-07-28 06:43:00+00:00,83,0,0.3096059406,2025-09-28,0.3642891751,0.3542722335,0.06,0.100748162,0.1339126243,2026-07-25,59
KXHIGHNY,2026-07-28,13,77-78,0.52,0.08999325171,-0.3422891089,0,False,hourly_snapshot,2026-07-28 16:51:00+00:00,2026-07-28 17:00:00+00:00,78,1,2.5,0,79,202607290625-KOKX-CDUS41-CLINYC,2026-07-29 06:25:00+00:00,78,1,0.1777108911,2025-09-28,0.08999325171,0.1213893699,0.52,0.4364921032,0.1942013635,2026-07-26,60
KXHIGHNY,2026-07-28,13,79-80,0.43,0.4805745686,0.1041782178,1,False,hourly_snapshot,2026-07-28 16:51:00+00:00,2026-07-28 17:00:00+00:00,78,1,2.5,0,79,202607290625-KOKX-CDUS41-CLINYC,2026-07-29 06:25:00+00:00,78,1,0.5341782178,2025-09-28,0.4805745686,0.4762214534,0.43,0.4398216502,0.1942013635,2026-07-26,60
KXHIGHNY,2026-07-28,13,81-82,0.055,0.2832353225,0.1550920792,0,False,hourly_snapshot,2026-07-28 16:51:00+00:00,2026-07-28 17:00:00+00:00,78,1,2.5,0,79,202607290625-KOKX-CDUS41-CLINYC,2026-07-29 06:25:00+00:00,78,1,0.2100920792,2025-09-28,0.2832353225,0.3567557194,0.055,0.09932361083,0.1942013635,2026-07-26,60
KXHIGHNY,2026-07-28,14,79-80,0.935,0.6520247083,-0.0413,1,False,metar_6h_group,2026-07-28 17:51:00+00:00,2026-07-28 18:00:00+00:00,78,1,0,0,79,202607290625-KOKX-CDUS41-CLINYC,2026-07-29 06:25:00+00:00,78,1,0.8937,2025-09-28,0.6520247083,0.5547256432,0.935,0.8800458125,0.1942013635,2026-07-26,60
KXHIGHNY,2026-07-28,14,81-82,0.055,0.1111249766,0.0382,0,False,metar_6h_group,2026-07-28 17:51:00+00:00,2026-07-28 18:00:00+00:00,78,1,0,0,79,202607290625-KOKX-CDUS41-CLINYC,2026-07-29 06:25:00+00:00,78,1,0.0932,2025-09-28,0.1111249766,0.1338848232,0.055,0.06589954698,0.1942013635,2026-07-26,60
KXHIGHNY,2026-07-29,13,78-79,0.37,0.2238494269,0.1205940594,0,False,hourly_snapshot,2026-07-29 16:51:00+00:00,2026-07-29 17:00:00+00:00,78,0,3,1,80,202607300620-KOKX-CDUS41-CLINYC,2026-07-30 06:20:00+00:00,79,1,0.4905940594,2025-09-28,0.2238494269,0.3330700014,0.37,0.3441308187,0.1770036255,2026-07-27,61
KXHIGHNY,2026-07-29,13,80-81,0.555,0.5544807951,-0.193239604,1,False,hourly_snapshot,2026-07-29 16:51:00+00:00,2026-07-29 17:00:00+00:00,78,0,3,1,80,202607300620-KOKX-CDUS41-CLINYC,2026-07-30 06:20:00+00:00,79,1,0.361760396,2025-09-28,0.5544807951,0.5659700513,0.555,0.5549080989,0.1770036255,2026-07-27,61
KXHIGHNY,2026-07-29,13,82-83,0.085,0.179706321,0.01869009901,0,False,hourly_snapshot,2026-07-29 16:51:00+00:00,2026-07-29 17:00:00+00:00,78,0,3,1,80,202607300620-KOKX-CDUS41-CLINYC,2026-07-30 06:20:00+00:00,79,1,0.103690099,2025-09-28,0.179706321,0.1865471823,0.085,0.1017633622,0.1770036255,2026-07-27,61
KXHIGHNY,2026-07-29,14,78-79,0.615,0.4053050334,0.1383,0,False,metar_6h_group,2026-07-29 17:51:00+00:00,2026-07-29 18:00:00+00:00,78,0,0,1,80,202607300620-KOKX-CDUS41-CLINYC,2026-07-30 06:20:00+00:00,79,1,0.7533,2025-09-28,0.4053050334,0.4524001082,0.615,0.5778832307,0.1770036255,2026-07-27,61
KXHIGHNY,2026-07-29,14,80-81,0.355,0.4691240806,-0.1398,1,False,metar_6h_group,2026-07-29 17:51:00+00:00,2026-07-29 18:00:00+00:00,78,0,0,1,80,202607300620-KOKX-CDUS41-CLINYC,2026-07-30 06:20:00+00:00,79,1,0.2152,2025-09-28,0.4691240806,0.4524001082,0.355,0.375200376,0.1770036255,2026-07-27,61
KXHIGHNY,2026-07-29,15,78-79,0.365,0.2193996593,-0.08476237624,0,False,hourly_snapshot,2026-07-29 18:51:00+00:00,2026-07-29 19:00:00+00:00,79,0,1,0,80,202607300620-KOKX-CDUS41-CLINYC,2026-07-30 06:20:00+00:00,79,1,0.2802376238,2025-09-28,0.2193996593,0.3330700014,0.365,0.3392282118,0.1770036255,2026-07-27,61
KXHIGHNY,2026-07-29,15,80-81,0.61,0.6776600519,-0.01674455446,1,False,hourly_snapshot,2026-07-29 18:51:00+00:00,2026-07-29 19:00:00+00:00,79,0,1,0,80,202607300620-KOKX-CDUS41-CLINYC,2026-07-30 06:20:00+00:00,79,1,0.5932554455,2025-09-28,0.6776600519,0.5659700513,0.61,0.6219760745,0.1770036255,2026-07-27,61
KXHIGHNY,2026-07-29,16,78-79,0.445,0.3113040397,-0.1435029703,0,False,hourly_snapshot,2026-07-29 19:51:00+00:00,2026-07-29 20:00:00+00:00,79,1,-1,0,80,202607300620-KOKX-CDUS41-CLINYC,2026-07-30 06:20:00+00:00,79,1,0.3014970297,2025-09-28,0.3113040397,0.3684727589,0.445,0.4213353303,0.1770036255,2026-07-27,61
KXHIGHNY,2026-07-29,16,80-81,0.54,0.6761162296,0.05488712871,1,False,hourly_snapshot,2026-07-29 19:51:00+00:00,2026-07-29 20:00:00+00:00,79,1,-1,0,80,202607300620-KOKX-CDUS41-CLINYC,2026-07-30 06:20:00+00:00,79,1,0.5948871287,2025-09-28,0.6761162296,0.5659700513,0.54,0.5640930661,0.1770036255,2026-07-27,61
KXHIGHNY,2026-07-29,18,76-77,0.13,0,-0.13,0,False,hourly_snapshot,2026-07-29 21:51:00+00:00,2026-07-29 22:00:00+00:00,79,1,0,0,80,202607300620-KOKX-CDUS41-CLINYC,2026-07-30 06:20:00+00:00,79,1,0,2025-09-28,0,0,0.13,0.1069895287,0.1770036255,2026-07-27,61
KXHIGHNY,2026-07-30,13,77-78,0.285,0.1369979993,-0.2338108911,0,False,hourly_snapshot,2026-07-30 16:51:00+00:00,2026-07-30 17:00:00+00:00,72,0,0,2,74,202607310619-KOKX-CDUS41-CLINYC,2026-07-31 06:19:00+00:00,74,0,0.05118910891,2025-09-28,0.1369979993,0.1865471823,0.285,0.2577895695,0.1838517745,2026-07-28,62
KXHIGHNY,2026-07-30,14,77-78,0.125,0.0127261661,-0.1198,0,False,metar_6h_group,2026-07-30 17:57:00+00:00,2026-07-30 18:00:00+00:00,72,2,0,2,74,202607310619-KOKX-CDUS41-CLINYC,2026-07-31 06:19:00+00:00,74,0,0.0052,2025-09-28,0.0127261661,0.05162012,0.125,0.1043582564,0.1838517745,2026-07-28,62
KXHIGHNY,2026-07-30,15,77-78,0.11,0.005154934418,-0.1061,0,False,metar_6h_group,2026-07-30 18:51:00+00:00,2026-07-30 19:00:00+00:00,72,2,0,2,74,202607310619-KOKX-CDUS41-CLINYC,2026-07-31 06:19:00+00:00,74,0,0.0039,2025-09-28,0.005154934418,0.05072203823,0.11,0.09072404864,0.1838517745,2026-07-28,62
KXHIGHNY,2026-07-30,16,77-78,0.045,0.0006325110689,-0.045,0,False,metar_6h_group,2026-07-30 19:51:00+00:00,2026-07-30 20:00:00+00:00,72,1,0,2,74,202607310619-KOKX-CDUS41-CLINYC,2026-07-31 06:19:00+00:00,74,0,0,2025-09-28,0.0006325110689,0,0.045,0.03684295843,0.1838517745,2026-07-28,62
KXHIGHNY,2026-07-30,17,77-78,0.095,0.0005831961742,-0.095,0,False,metar_6h_group,2026-07-30 20:51:00+00:00,2026-07-30 21:00:00+00:00,73,0,2,1,74,202607310619-KOKX-CDUS41-CLINYC,2026-07-31 06:19:00+00:00,74,0,0,2025-09-28,0.0005831961742,0,0.095,0.07764130307,0.1838517745,2026-07-28,62
