runtime,mos_tmax_f,actual_tmax_f
2015-01-01,38.0,39.02
2015-01-02,42.0,42.08
2015-01-03,44.0,42.08
2015-01-04,59.0,55.94
2015-01-05,36.0,48.92
2015-01-06,28.0,22.1
2015-01-07,22.0,23.18
2015-01-08,21.0,21.2
2015-01-09,32.0,33.08
2015-01-10,22.0,23.18
2015-01-11,35.0,37.04
2015-01-12,42.0,39.02
2015-01-13,28.0,35.96
2015-01-14,32.0,32.0
2015-01-15,34.0,35.06
2015-01-16,41.0,42.98
2015-01-17,27.0,32.0
2015-01-18,44.0,42.08
2015-01-19,44.0,42.08
2015-01-20,40.0,39.92
2015-01-21,33.0,35.96
2015-01-22,40.0,39.92
2015-01-23,38.0,39.02
2015-01-24,38.0,39.02
2015-01-25,43.0,42.08
2015-01-26,26.0,31.1
2015-01-27,28.0,30.2
2015-01-28,29.0,33.98
2015-01-29,32.0,35.96
2015-01-30,37.0,37.94
2015-01-31,22.0,26.24
2015-02-01,31.0,35.96
2015-02-02,39.0,33.98
2015-02-03,20.0,26.24
2015-02-04,38.0,42.98
2015-02-05,32.0,42.08
2015-02-06,24.0,27.14
2015-02-07,35.0,39.92
2015-02-08,38.0,37.04
2015-02-09,32.0,29.12
2015-02-10,33.0,39.92
2015-02-11,27.0,33.98
2015-02-12,37.0,39.92
2015-02-13,13.0,21.2
2015-02-14,30.0,32.0
2015-02-15,20.0,25.16
2015-02-16,19.0,21.2
2015-02-17,22.0,27.14
2015-02-18,24.0,33.08
2015-02-19,20.0,27.14
2015-02-20,13.0,19.22
2015-02-21,31.0,32.0
2015-02-22,43.0,42.98
2015-02-23,18.0,37.94
2015-02-24,18.0,24.26
2015-02-25,35.0,37.04
2015-02-26,23.0,32.0
2015-02-27,23.0,30.2
2015-02-28,22.0,29.12
2015-03-01,30.0,31.1
2015-03-02,40.0,39.02
2015-03-03,33.0,37.04
2015-03-04,43.0,44.96
2015-03-05,28.0,39.92
2015-03-06,20.0,27.14
2015-03-07,32.0,37.94
2015-03-08,45.0,48.92
2015-03-09,47.0,53.96
2015-03-10,45.0,53.06
2015-03-11,53.0,59.0
2015-03-12,47.0,46.94
2015-03-13,42.0,42.98
2015-03-14,49.0,51.08
2015-03-15,51.0,44.06
2015-03-16,49.0,51.98
2015-03-17,57.0,57.02
2015-03-18,40.0,39.02
2015-03-19,41.0,42.98
2015-03-20,38.0,37.94
2015-03-21,46.0,46.94
2015-03-22,38.0,42.98
2015-03-23,36.0,37.94
2015-03-24,41.0,44.96
2015-03-25,48.0,48.92
2015-03-26,55.0,62.06
2015-03-27,49.0,46.04
2015-03-28,40.0,39.92
2015-03-29,45.0,46.04
2015-03-30,52.0,53.96
2015-03-31,48.0,46.94
2015-04-01,50.0,51.08
2015-04-02,60.0,66.92
2015-04-03,63.0,64.04
2015-04-04,53.0,60.08
2015-04-05,55.0,60.98
2015-04-06,65.0,62.96
2015-04-07,56.0,62.06
2015-04-08,44.0,44.96
2015-04-09,45.0,42.98
2015-04-10,61.0,55.94
2015-04-11,59.0,57.02
2015-04-12,65.0,66.02
2015-04-13,67.0,68.0
2015-04-14,62.0,64.94
2015-04-15,67.0,71.96
2015-04-16,65.0,64.04
2015-04-17,64.0,71.06
2015-04-18,77.0,80.06
2015-04-19,60.0,64.04
2015-04-20,62.0,57.02
2015-04-21,64.0,64.94
2015-04-22,65.0,69.08
2015-04-23,53.0,51.98
2015-04-24,53.0,51.98
2015-04-25,59.0,62.06
2015-04-26,61.0,64.04
2015-04-27,61.0,62.06
2015-04-28,63.0,71.06
2015-04-29,72.0,78.08
2015-04-30,63.0,66.92
2015-05-01,59.0,62.96
2015-05-02,66.0,73.94
2015-05-03,75.0,80.06
2015-05-04,80.0,84.91999999999999
2015-05-05,77.0,84.91999999999999
2015-05-06,68.0,73.04
2015-05-07,76.0,80.06
2015-05-08,79.0,82.04
2015-05-09,72.0,69.98
2015-05-10,82.0,82.94
2015-05-11,81.0,84.02
2015-05-12,84.0,86.0
2015-05-13,66.0,69.98
2015-05-14,69.0,73.04
2015-05-15,72.0,75.02
2015-05-16,73.0,75.02
2015-05-17,80.0,82.94
2015-05-18,69.0,75.02
2015-05-19,76.0,80.06
2015-05-20,67.0,66.92
2015-05-21,61.0,62.06
2015-05-22,74.0,73.94
2015-05-23,63.0,69.98
2015-05-24,77.0,80.96
2015-05-25,82.0,84.91999999999999
2015-05-26,82.0,87.98
2015-05-27,80.0,84.91999999999999
2015-05-28,81.0,84.91999999999999
2015-05-29,79.0,84.91999999999999
2015-05-30,82.0,84.91999999999999
2015-05-31,79.0,87.08000000000001
2015-06-01,68.0,57.92
2015-06-02,57.0,55.04
2015-06-03,68.0,69.98
2015-06-04,66.0,64.94
2015-06-05,69.0,69.98
2015-06-06,73.0,75.92
2015-06-07,73.0,73.94
2015-06-08,76.0,78.98
2015-06-09,78.0,82.94
2015-06-10,82.0,82.04
2015-06-11,88.0,89.06
2015-06-12,84.0,87.98
2015-06-13,84.0,86.0
2015-06-14,84.0,87.98
2015-06-15,80.0,82.94
2015-06-16,84.0,78.98
2015-06-17,78.0,82.04
2015-06-18,73.0,71.06
2015-06-19,85.0,87.08000000000001
2015-06-20,72.0,75.02
2015-06-21,85.0,87.98
2015-06-22,88.0,87.08000000000001
2015-06-23,84.0,89.96000000000001
2015-06-24,84.0,84.02
2015-06-25,83.0,82.94
2015-06-26,79.0,80.96
2015-06-27,72.0,71.06
2015-06-28,77.0,73.04
2015-06-29,78.0,75.92
2015-06-30,82.0,82.04
2015-07-01,84.0,82.04
2015-07-02,82.0,80.06
2015-07-03,81.0,82.04
2015-07-04,72.0,75.02
2015-07-05,84.0,82.94
2015-07-06,83.0,82.94
2015-07-07,84.0,87.98
2015-07-08,83.0,87.98
2015-07-09,80.0,78.98
2015-07-10,86.0,84.02
2015-07-11,86.0,87.98
2015-07-12,89.0,89.06
2015-07-13,86.0,87.98
2015-07-14,84.0,82.04
2015-07-15,86.0,80.96
2015-07-16,80.0,80.06
2015-07-17,81.0,80.96
2015-07-18,83.0,84.91999999999999
2015-07-19,93.0,93.02
2015-07-20,91.0,93.92
2015-07-21,91.0,89.06
2015-07-22,85.0,84.91999999999999
2015-07-23,84.0,86.0
2015-07-24,84.0,87.08000000000001
2015-07-25,84.0,87.98
2015-07-26,86.0,89.96000000000001
2015-07-27,82.0,86.0
2015-07-28,90.0,95.0
2015-07-29,93.0,96.08
2015-07-30,85.0,87.08000000000001
2015-07-31,90.0,89.06
2015-08-01,90.0,89.06
2015-08-02,87.0,89.06
2015-08-03,90.0,89.96000000000001
2015-08-04,90.0,89.06
2015-08-05,87.0,87.08000000000001
2015-08-06,82.0,82.94
2015-08-07,83.0,84.02
2015-08-08,82.0,82.04
2015-08-09,82.0,84.91999999999999
2015-08-10,80.0,84.02
2015-08-11,78.0,80.96
2015-08-12,84.0,84.91999999999999
2015-08-13,82.0,82.94
2015-08-14,86.0,87.98
2015-08-15,89.0,91.94
2015-08-16,90.0,93.02
2015-08-17,92.0,95.0
2015-08-18,88.0,89.96000000000001
2015-08-19,86.0,87.08000000000001
2015-08-20,83.0,86.0
2015-08-21,83.0,87.08000000000001
2015-08-22,85.0,86.0
2015-08-23,82.0,84.91999999999999
2015-08-24,85.0,87.08000000000001
2015-08-25,86.0,89.96000000000001
2015-08-26,83.0,84.91999999999999
2015-08-27,80.0,82.04
2015-08-28,80.0,82.04
2015-08-29,83.0,87.08000000000001
2015-08-30,87.0,89.96000000000001
2015-08-31,90.0,91.04
2015-09-01,88.0,89.96000000000001
2015-09-02,89.0,91.04
2015-09-03,90.0,93.02
2015-09-04,81.0,84.91999999999999
2015-09-05,80.0,82.94
2015-09-06,83.0,87.08000000000001
2015-09-07,88.0,91.94
2015-09-08,91.0,96.98
2015-09-09,88.0,89.96000000000001
2015-09-10,78.0,78.98
2015-09-11,82.0,80.96
2015-09-12,78.0,78.98
2015-09-13,79.0,80.06
2015-09-14,76.0,77.0
2015-09-15,81.0,84.02
2015-09-16,86.0,87.98
2015-09-17,86.0,89.06
2015-09-18,84.0,87.08000000000001
2015-09-19,83.0,82.94
2015-09-20,78.0,78.98
2015-09-21,73.0,73.04
2015-09-22,72.0,71.06
2015-09-23,79.0,80.06
2015-09-24,79.0,82.04
2015-09-25,73.0,75.92
2015-09-26,70.0,71.96
2015-09-27,72.0,71.06
2015-09-28,80.0,78.08
2015-09-29,81.0,82.94
2015-09-30,73.0,78.98
2015-10-01,62.0,64.04
2015-10-02,53.0,57.02
2015-10-03,52.0,55.04
2015-10-04,57.0,62.96
2015-10-05,62.0,66.92
2015-10-06,71.0,73.04
2015-10-07,71.0,73.04
2015-10-08,70.0,71.96
2015-10-09,74.0,78.08
2015-10-10,62.0,64.94
2015-10-11,69.0,69.08
2015-10-12,74.0,77.0
2015-10-13,71.0,71.96
2015-10-14,68.0,69.08
2015-10-15,63.0,64.04
2015-10-16,66.0,64.04
2015-10-17,55.0,55.94
2015-10-18,48.0,50.0
2015-10-19,50.0,53.06
2015-10-20,67.0,69.98
2015-10-21,74.0,75.92
2015-10-22,72.0,75.02
2015-10-23,58.0,64.94
2015-10-24,53.0,57.02
2015-10-25,64.0,68.0
2015-10-26,57.0,57.92
2015-10-27,60.0,59.0
2015-10-28,63.0,69.08
2015-10-29,73.0,73.04
2015-10-30,61.0,60.98
2015-10-31,56.0,55.94
2015-11-01,64.0,64.94
2015-11-02,65.0,62.96
2015-11-03,70.0,71.96
2015-11-04,71.0,69.98
2015-11-05,71.0,71.06
2015-11-06,72.0,73.94
2015-11-07,64.0,71.96
2015-11-08,56.0,55.94
2015-11-09,60.0,59.0
2015-11-10,59.0,57.02
2015-11-11,57.0,57.92
2015-11-12,58.0,60.98
2015-11-13,58.0,57.92
2015-11-14,51.0,48.92
2015-11-15,55.0,57.92
2015-11-16,62.0,66.92
2015-11-17,50.0,51.98
2015-11-18,57.0,57.92
2015-11-19,63.0,64.04
2015-11-20,57.0,64.04
2015-11-21,50.0,53.06
2015-11-22,53.0,55.04
2015-11-23,42.0,44.06
2015-11-24,45.0,46.04
2015-11-25,50.0,50.0
2015-11-26,59.0,60.08
2015-11-27,64.0,64.04
2015-11-28,61.0,64.04
2015-11-29,48.0,48.92
2015-11-30,44.0,46.94
2015-12-01,48.0,51.08
2015-12-02,55.0,57.02
2015-12-03,51.0,55.04
2015-12-04,51.0,51.08
2015-12-05,53.0,51.08
2015-12-06,56.0,53.06
2015-12-07,55.0,53.96
2015-12-08,49.0,48.92
2015-12-09,52.0,55.04
2015-12-10,58.0,60.08
2015-12-11,62.0,60.98
2015-12-12,62.0,66.02
2015-12-13,65.0,66.92
2015-12-14,63.0,66.92
2015-12-15,63.0,68.0
2015-12-16,52.0,53.06
2015-12-17,57.0,59.0
2015-12-18,50.0,57.02
2015-12-19,42.0,39.92
2015-12-20,44.0,42.98
2015-12-21,56.0,55.94
2015-12-22,63.0,62.06
2015-12-23,61.0,64.04
2015-12-24,75.0,71.96
2015-12-25,65.0,66.02
2015-12-26,52.0,59.0
2015-12-27,63.0,60.98
2015-12-28,40.0,46.04
2015-12-29,51.0,46.04
2015-12-30,47.0,48.02
2015-12-31,51.0,48.02
2016-01-01,45.0,42.08
2016-01-02,43.0,39.92
2016-01-03,48.0,44.96
2016-01-04,34.0,35.96
2016-01-05,29.0,29.12
2016-01-06,41.0,41.0
2016-01-07,46.0,46.04
2016-01-08,44.0,46.04
2016-01-09,47.0,46.94
2016-01-10,58.0,59.0
2016-01-11,39.0,39.92
2016-01-12,39.0,44.06
2016-01-13,34.0,30.2
2016-01-14,37.0,37.94
2016-01-15,51.0,51.08
2016-01-16,48.0,51.98
2016-01-17,38.0,42.08
2016-01-18,32.0,31.1
2016-01-19,30.0,28.22
2016-01-20,37.0,37.04
2016-01-21,36.0,35.96
2016-01-22,32.0,30.2
2016-01-23,29.0,27.14
2016-01-24,32.0,35.06
2016-01-25,37.0,39.02
2016-01-26,44.0,48.02
2016-01-27,44.0,46.94
2016-01-28,42.0,42.08
2016-01-29,42.0,41.0
2016-01-30,39.0,39.02
2016-01-31,50.0,55.94
2016-02-01,57.0,59.0
2016-02-02,49.0,50.0
2016-02-03,54.0,59.0
2016-02-04,56.0,59.0
2016-02-05,42.0,44.06
2016-02-06,42.0,39.92
2016-02-07,47.0,46.94
2016-02-08,33.0,39.02
2016-02-09,33.0,35.96
2016-02-10,40.0,39.02
2016-02-11,30.0,31.1
2016-02-12,25.0,27.14
2016-02-13,24.0,22.1
2016-02-14,16.0,15.259999999999998
2016-02-15,37.0,35.06
2016-02-16,57.0,53.96
2016-02-17,44.0,39.02
2016-02-18,36.0,35.96
2016-02-19,41.0,39.02
2016-02-20,58.0,60.98
2016-02-21,53.0,55.04
2016-02-22,47.0,51.98
2016-02-23,44.0,39.92
2016-02-24,55.0,60.08
2016-02-25,55.0,60.98
2016-02-26,41.0,39.02
2016-02-27,42.0,41.0
2016-02-28,57.0,60.08
2016-02-29,60.0,60.98
2016-03-01,49.0,51.98
2016-03-02,48.0,55.04
2016-03-03,39.0,35.96
2016-03-04,38.0,39.02
2016-03-05,44.0,41.0
2016-03-06,46.0,44.06
2016-03-07,55.0,60.08
2016-03-08,66.0,66.92
2016-03-09,72.0,77.0
2016-03-10,73.0,78.98
2016-03-11,65.0,68.0
2016-03-12,58.0,59.0
2016-03-13,62.0,62.06
2016-03-14,47.0,51.08
2016-03-15,58.0,57.02
2016-03-16,62.0,64.94
2016-03-17,65.0,62.96
2016-03-18,59.0,57.02
2016-03-19,47.0,46.04
2016-03-20,43.0,42.98
2016-03-21,48.0,50.0
2016-03-22,53.0,55.94
2016-03-23,68.0,71.06
2016-03-24,56.0,55.04
2016-03-25,68.0,71.96
2016-03-26,54.0,55.04
2016-03-27,54.0,55.04
2016-03-28,55.0,62.06
2016-03-29,56.0,53.06
2016-03-30,58.0,55.94
2016-03-31,69.0,73.04
2016-04-01,68.0,78.98
2016-04-02,57.0,60.98
2016-04-03,41.0,50.0
2016-04-04,50.0,44.96
2016-04-05,41.0,42.98
2016-04-06,47.0,48.02
2016-04-07,59.0,57.92
2016-04-08,53.0,50.0
2016-04-09,47.0,42.98
2016-04-10,48.0,50.0
2016-04-11,53.0,64.94
2016-04-12,56.0,59.0
2016-04-13,56.0,57.92
2016-04-14,58.0,62.06
2016-04-15,60.0,64.94
2016-04-16,62.0,68.0
2016-04-17,68.0,75.02
2016-04-18,74.0,82.04
2016-04-19,69.0,73.04
2016-04-20,63.0,69.08
2016-04-21,70.0,73.04
2016-04-22,73.0,78.98
2016-04-23,66.0,71.06
2016-04-24,62.0,68.0
2016-04-25,68.0,69.08
2016-04-26,65.0,60.08
2016-04-27,60.0,62.06
2016-04-28,56.0,59.0
2016-04-29,57.0,57.92
2016-04-30,61.0,64.94
2016-05-01,51.0,51.08
2016-05-02,57.0,60.08
2016-05-03,53.0,55.94
2016-05-04,53.0,51.98
2016-05-05,59.0,57.02
2016-05-06,53.0,53.96
2016-05-07,62.0,60.08
2016-05-08,62.0,66.02
2016-05-09,68.0,71.96
2016-05-10,63.0,62.96
2016-05-11,74.0,75.92
2016-05-12,76.0,80.06
2016-05-13,67.0,64.94
2016-05-14,73.0,73.04
2016-05-15,60.0,59.0
2016-05-16,62.0,66.02
2016-05-17,66.0,64.04
2016-05-18,68.0,68.0
2016-05-19,70.0,73.04
2016-05-20,74.0,75.92
2016-05-21,66.0,66.02
2016-05-22,69.0,69.98
2016-05-23,74.0,78.08
2016-05-24,68.0,73.04
2016-05-25,86.0,87.98
2016-05-26,86.0,89.96000000000001
2016-05-27,81.0,87.08000000000001
2016-05-28,83.0,91.94
2016-05-29,83.0,87.08000000000001
2016-05-30,75.0,82.04
2016-05-31,82.0,84.91999999999999
2016-06-01,79.0,82.94
2016-06-02,76.0,78.08
2016-06-03,70.0,69.98
2016-06-04,81.0,82.94
2016-06-05,73.0,71.06
2016-06-06,83.0,82.94
2016-06-07,84.0,84.91999999999999
2016-06-08,69.0,66.92
2016-06-09,74.0,71.06
2016-06-10,76.0,77.0
2016-06-11,81.0,87.98
2016-06-12,80.0,82.94
2016-06-13,77.0,73.94
2016-06-14,78.0,78.98
2016-06-15,82.0,84.91999999999999
2016-06-16,78.0,73.94
2016-06-17,79.0,78.08
2016-06-18,82.0,87.08000000000001
2016-06-19,84.0,87.98
2016-06-20,85.0,84.02
2016-06-21,84.0,87.08000000000001
2016-06-22,84.0,86.0
2016-06-23,78.0,82.94
2016-06-24,80.0,84.02
2016-06-25,82.0,86.0
2016-06-26,82.0,87.08000000000001
2016-06-27,81.0,82.94
2016-06-28,77.0,75.92
2016-06-29,83.0,82.94
2016-06-30,84.0,84.91999999999999
2016-07-01,81.0,78.98
2016-07-02,81.0,75.92
2016-07-03,81.0,78.08
2016-07-04,81.0,84.02
2016-07-05,85.0,86.0
2016-07-06,91.0,91.04
2016-07-07,88.0,89.06
2016-07-08,86.0,86.0
2016-07-09,75.0,71.96
2016-07-10,81.0,80.06
2016-07-11,80.0,80.96
2016-07-12,83.0,82.04
2016-07-13,85.0,84.91999999999999
2016-07-14,86.0,87.98
2016-07-15,89.0,87.98
2016-07-16,90.0,89.96000000000001
2016-07-17,89.0,89.06
2016-07-18,91.0,93.02
2016-07-19,85.0,82.94
2016-07-20,82.0,84.91999999999999
2016-07-21,87.0,89.96000000000001
2016-07-22,91.0,93.92
2016-07-23,94.0,96.08
2016-07-24,92.0,93.92
2016-07-25,87.0,93.02
2016-07-26,93.0,89.06
2016-07-27,90.0,91.04
2016-07-28,92.0,95.0
2016-07-29,81.0,84.91999999999999
2016-07-30,83.0,84.02
2016-07-31,80.0,78.08
2016-08-01,79.0,80.06
2016-08-02,78.0,78.98
2016-08-03,80.0,80.06
2016-08-04,82.0,80.96
2016-08-05,83.0,82.94
2016-08-06,89.0,87.08000000000001
2016-08-07,89.0,86.0
2016-08-08,87.0,86.0
2016-08-09,86.0,87.08000000000001
2016-08-10,83.0,86.0
2016-08-11,87.0,91.04
2016-08-12,92.0,93.02
2016-08-13,92.0,96.08
2016-08-14,93.0,93.92
2016-08-15,89.0,91.94
2016-08-16,86.0,87.08000000000001
2016-08-17,88.0,84.91999999999999
2016-08-18,83.0,84.91999999999999
2016-08-19,87.0,87.98
2016-08-20,86.0,82.94
2016-08-21,83.0,86.0
2016-08-22,83.0,78.98
2016-08-23,80.0,82.04
2016-08-24,85.0,87.98
2016-08-25,85.0,86.0
2016-08-26,89.0,89.96000000000001
2016-08-27,87.0,89.06
2016-08-28,85.0,89.06
2016-08-29,87.0,91.04
2016-08-30,83.0,86.0
2016-08-31,86.0,89.06
2016-09-01,79.0,78.98
2016-09-02,81.0,80.96
2016-09-03,76.0,75.02
2016-09-04,75.0,80.06
2016-09-05,81.0,84.02
2016-09-06,78.0,80.06
2016-09-07,84.0,84.91999999999999
2016-09-08,88.0,89.06
2016-09-09,88.0,91.04
2016-09-10,87.0,89.96000000000001
2016-09-11,83.0,82.94
2016-09-12,77.0,78.08
2016-09-13,80.0,82.94
2016-09-14,86.0,91.04
2016-09-15,74.0,73.94
2016-09-16,74.0,73.04
2016-09-17,76.0,77.0
2016-09-18,82.0,82.04
2016-09-19,77.0,75.92
2016-09-20,83.0,82.04
2016-09-21,85.0,84.02
2016-09-22,83.0,86.0
2016-09-23,86.0,87.08000000000001
2016-09-24,71.0,71.06
2016-09-25,71.0,69.98
2016-09-26,71.0,73.94
2016-09-27,74.0,73.94
2016-09-28,70.0,69.08
2016-09-29,64.0,64.04
2016-09-30,59.0,59.0
2016-10-01,64.0,62.06
2016-10-02,66.0,62.96
2016-10-03,72.0,71.96
2016-10-04,66.0,69.08
2016-10-05,68.0,66.92
2016-10-06,74.0,73.04
2016-10-07,77.0,75.02
2016-10-08,71.0,68.0
2016-10-09,59.0,64.94
2016-10-10,60.0,64.04
2016-10-11,63.0,62.96
2016-10-12,69.0,66.02
2016-10-13,69.0,66.92
2016-10-14,61.0,62.06
2016-10-15,65.0,64.94
2016-10-16,70.0,69.08
2016-10-17,78.0,80.96
2016-10-18,80.0,80.96
2016-10-19,83.0,84.91999999999999
2016-10-20,71.0,69.98
2016-10-21,75.0,69.08
2016-10-22,56.0,57.02
2016-10-23,60.0,60.98
2016-10-24,60.0,62.06
2016-10-25,53.0,51.98
2016-10-26,50.0,51.08
2016-10-27,50.0,55.04
2016-10-28,52.0,51.08
2016-10-29,61.0,64.04
2016-10-30,69.0,75.92
2016-10-31,53.0,53.96
2016-11-01,56.0,57.92
2016-11-02,67.0,69.98
2016-11-03,72.0,71.96
2016-11-04,61.0,60.98
2016-11-05,58.0,62.06
2016-11-06,58.0,59.0
2016-11-07,52.0,53.06
2016-11-08,64.0,66.02
2016-11-09,60.0,59.0
2016-11-10,54.0,55.94
2016-11-11,62.0,62.96
2016-11-12,48.0,50.0
2016-11-13,57.0,60.98
2016-11-14,62.0,62.06
2016-11-15,54.0,55.94
2016-11-16,58.0,60.98
2016-11-17,61.0,60.98
2016-11-18,63.0,64.04
2016-11-19,60.0,62.96
2016-11-20,45.0,42.08
2016-11-21,44.0,41.0
2016-11-22,45.0,41.0
2016-11-23,45.0,44.96
2016-11-24,48.0,48.02
2016-11-25,53.0,53.96
2016-11-26,51.0,50.0
2016-11-27,48.0,50.0
2016-11-28,52.0,51.98
2016-11-29,61.0,60.08
2016-11-30,60.0,57.92
2016-12-01,57.0,53.96
2016-12-02,50.0,51.08
2016-12-03,48.0,46.94
2016-12-04,44.0,46.94
2016-12-05,51.0,48.92
2016-12-06,46.0,46.04
2016-12-07,49.0,46.04
2016-12-08,46.0,44.96
2016-12-09,41.0,39.02
2016-12-10,37.0,35.06
2016-12-11,37.0,35.06
2016-12-12,51.0,46.04
2016-12-13,41.0,42.98
2016-12-14,41.0,42.08
2016-12-15,27.0,33.98
2016-12-16,28.0,27.14
2016-12-17,44.0,39.02
2016-12-18,59.0,57.92
2016-12-19,32.0,31.1
2016-12-20,37.0,33.08
2016-12-21,44.0,39.92
2016-12-22,47.0,48.92
2016-12-23,48.0,46.94
2016-12-24,49.0,46.94
2016-12-25,47.0,50.0
2016-12-26,49.0,50.0
2016-12-27,59.0,60.08
2016-12-28,45.0,39.92
2016-12-29,46.0,46.04
2016-12-30,41.0,39.92
2016-12-31,43.0,44.06
2017-01-01,49.0,48.02
2017-01-02,43.0,41.0
2017-01-03,45.0,42.98
2017-01-04,51.0,51.98
2017-01-05,37.0,33.98
2017-01-06,35.0,33.08
2017-01-07,26.0,26.24
2017-01-08,23.0,25.16
2017-01-09,28.0,23.18
2017-01-10,42.0,46.04
2017-01-11,51.0,51.98
2017-01-12,61.0,66.02
2017-01-13,48.0,62.06
2017-01-14,39.0,33.98
2017-01-15,41.0,37.94
2017-01-16,44.0,42.98
2017-01-17,44.0,42.08
2017-01-18,47.0,41.0
2017-01-19,50.0,48.92
2017-01-20,47.0,44.96
2017-01-21,55.0,48.92
2017-01-22,54.0,48.02
2017-01-23,41.0,44.06
2017-01-24,46.0,37.94
2017-01-25,51.0,51.08
2017-01-26,54.0,55.94
2017-01-27,46.0,42.98
2017-01-28,44.0,39.02
2017-01-29,45.0,42.98
2017-01-30,39.0,37.04
2017-01-31,37.0,33.98
2017-02-01,46.0,46.94
2017-02-02,44.0,44.96
2017-02-03,35.0,33.08
2017-02-04,36.0,33.98
2017-02-05,45.0,42.98
2017-02-06,43.0,48.92
2017-02-07,50.0,42.08
2017-02-08,61.0,62.06
2017-02-09,34.0,44.06
2017-02-10,31.0,32.0
2017-02-11,46.0,48.02
2017-02-12,37.0,39.92
2017-02-13,42.0,39.02
2017-02-14,40.0,41.0
2017-02-15,46.0,46.94
2017-02-16,41.0,35.06
2017-02-17,42.0,41.0
2017-02-18,54.0,62.96
2017-02-19,58.0,64.94
2017-02-20,53.0,55.04
2017-02-21,50.0,46.94
2017-02-22,58.0,57.02
2017-02-23,63.0,64.94
2017-02-24,66.0,69.98
2017-02-25,65.0,62.96
2017-02-26,48.0,44.06
2017-02-27,55.0,53.96
2017-02-28,61.0,59.0
2017-03-01,68.0,69.98
2017-03-02,50.0,64.04
2017-03-03,42.0,39.02
2017-03-04,35.0,30.2
2017-03-05,35.0,37.04
2017-03-06,47.0,44.96
2017-03-07,52.0,55.94
2017-03-08,60.0,59.0
2017-03-09,56.0,60.98
2017-03-10,38.0,46.94
2017-03-11,29.0,29.12
2017-03-12,30.0,29.12
2017-03-13,34.0,35.96
2017-03-14,40.0,32.0
2017-03-15,30.0,26.24
2017-03-16,34.0,39.02
2017-03-17,42.0,46.94
2017-03-18,41.0,39.02
2017-03-19,43.0,46.94
2017-03-20,50.0,51.98
2017-03-21,55.0,59.0
2017-03-22,37.0,50.0
2017-03-23,42.0,42.08
2017-03-24,51.0,57.02
2017-03-25,58.0,62.06
2017-03-26,44.0,42.08
2017-03-27,57.0,53.06
2017-03-28,56.0,46.04
2017-03-29,57.0,60.08
2017-03-30,55.0,51.98
2017-03-31,45.0,42.98
2017-04-01,48.0,48.02
2017-04-02,57.0,62.96
2017-04-03,61.0,62.96
2017-04-04,64.0,51.08
2017-04-05,62.0,64.94
2017-04-06,58.0,53.06
2017-04-07,54.0,51.08
2017-04-08,54.0,57.02
2017-04-09,67.0,66.92
2017-04-10,74.0,73.94
2017-04-11,78.0,80.06
2017-04-12,70.0,75.92
2017-04-13,62.0,64.94
2017-04-14,65.0,66.02
2017-04-15,65.0,64.94
2017-04-16,82.0,87.08000000000001
2017-04-17,72.0,73.94
2017-04-18,61.0,64.94
2017-04-19,56.0,53.96
2017-04-20,65.0,66.02
2017-04-21,58.0,53.06
2017-04-22,62.0,57.02
2017-04-23,64.0,66.02
2017-04-24,64.0,60.08
2017-04-25,54.0,53.96
2017-04-26,68.0,60.08
2017-04-27,69.0,69.98
2017-04-28,80.0,84.91999999999999
2017-04-29,79.0,84.91999999999999
2017-04-30,58.0,66.92
2017-05-01,74.0,73.94
2017-05-02,70.0,75.02
2017-05-03,63.0,64.94
2017-05-04,63.0,64.04
2017-05-05,61.0,59.0
2017-05-06,66.0,66.92
2017-05-07,61.0,55.94
2017-05-08,60.0,57.02
2017-05-09,62.0,62.96
2017-05-10,63.0,62.96
2017-05-11,63.0,62.06
2017-05-12,63.0,64.94
2017-05-13,52.0,53.06
2017-05-14,65.0,66.92
2017-05-15,67.0,68.0
2017-05-16,78.0,78.98
2017-05-17,85.0,89.96000000000001
2017-05-18,89.0,91.94
2017-05-19,88.0,91.04
2017-05-20,67.0,64.94
2017-05-21,68.0,69.08
2017-05-22,61.0,60.98
2017-05-23,74.0,69.08
2017-05-24,70.0,69.08
2017-05-25,60.0,59.0
2017-05-26,73.0,73.04
2017-05-27,73.0,71.06
2017-05-28,73.0,71.06
2017-05-29,59.0,60.98
2017-05-30,63.0,60.08
2017-05-31,73.0,75.02
2017-06-01,80.0,78.98
2017-06-02,77.0,75.92
2017-06-03,73.0,73.04
2017-06-04,71.0,69.98
2017-06-05,74.0,66.92
2017-06-06,61.0,57.92
2017-06-07,69.0,66.92
2017-06-08,74.0,69.08
2017-06-09,81.0,80.06
2017-06-10,83.0,84.91999999999999
2017-06-11,90.0,89.96000000000001
2017-06-12,91.0,93.02
2017-06-13,91.0,93.92
2017-06-14,79.0,84.02
2017-06-15,77.0,75.92
2017-06-16,73.0,68.0
2017-06-17,78.0,73.94
2017-06-18,83.0,84.91999999999999
2017-06-19,81.0,87.98
2017-06-20,84.0,82.94
2017-06-21,86.0,82.94
2017-06-22,84.0,82.94
2017-06-23,82.0,82.94
2017-06-24,86.0,84.02
2017-06-25,84.0,82.94
2017-06-26,80.0,78.98
2017-06-27,79.0,77.0
2017-06-28,79.0,78.08
2017-06-29,82.0,82.04
2017-06-30,85.0,87.98
2017-07-01,81.0,84.91999999999999
2017-07-02,89.0,87.08000000000001
2017-07-03,88.0,87.98
2017-07-04,84.0,84.91999999999999
2017-07-05,83.0,84.91999999999999
2017-07-06,78.0,77.0
2017-07-07,78.0,80.06
2017-07-08,88.0,84.02
2017-07-09,83.0,80.96
2017-07-10,85.0,84.02
2017-07-11,86.0,84.91999999999999
2017-07-12,86.0,87.98
2017-07-13,91.0,89.96000000000001
2017-07-14,72.0,73.04
2017-07-15,85.0,84.02
2017-07-16,86.0,87.08000000000001
2017-07-17,85.0,84.91999999999999
2017-07-18,88.0,87.98
2017-07-19,91.0,91.94
2017-07-20,94.0,93.92
2017-07-21,93.0,91.94
2017-07-22,91.0,91.94
2017-07-23,82.0,78.98
2017-07-24,76.0,73.04
2017-07-25,74.0,71.06
2017-07-26,77.0,77.0
2017-07-27,79.0,78.08
2017-07-28,85.0,84.91999999999999
2017-07-29,76.0,77.0
2017-07-30,82.0,82.04
2017-07-31,87.0,87.98
2017-08-01,89.0,91.94
2017-08-02,86.0,86.0
2017-08-03,86.0,87.08000000000001
2017-08-04,86.0,84.02
2017-08-05,82.0,78.08
2017-08-06,80.0,75.92
2017-08-07,70.0,71.06
2017-08-08,80.0,78.08
2017-08-09,84.0,84.91999999999999
2017-08-10,85.0,82.94
2017-08-11,83.0,82.04
2017-08-12,79.0,77.0
2017-08-13,86.0,82.94
2017-08-14,84.0,80.06
2017-08-15,80.0,73.94
2017-08-16,88.0,87.08000000000001
2017-08-17,83.0,82.94
2017-08-18,83.0,82.04
2017-08-19,90.0,86.0
2017-08-20,86.0,80.96
2017-08-21,88.0,87.08000000000001
2017-08-22,91.0,89.06
2017-08-23,86.0,80.96
2017-08-24,82.0,80.06
2017-08-25,79.0,78.08
2017-08-26,78.0,78.08
2017-08-27,77.0,78.08
2017-08-28,76.0,75.92
2017-08-29,69.0,68.0
2017-08-30,78.0,78.08
2017-08-31,83.0,80.96
2017-09-01,72.0,71.06
2017-09-02,71.0,68.0
2017-09-03,72.0,69.08
2017-09-04,82.0,80.06
2017-09-05,86.0,84.91999999999999
2017-09-06,72.0,71.96
2017-09-07,76.0,71.06
2017-09-08,74.0,71.06
2017-09-09,72.0,69.98
2017-09-10,74.0,71.96
2017-09-11,78.0,75.92
2017-09-12,85.0,78.08
2017-09-13,79.0,82.94
2017-09-14,82.0,80.96
2017-09-15,83.0,80.96
2017-09-16,82.0,82.04
2017-09-17,81.0,80.96
2017-09-18,79.0,73.04
2017-09-19,80.0,78.08
2017-09-20,82.0,78.98
2017-09-21,85.0,80.06
2017-09-22,79.0,82.04
2017-09-23,85.0,87.08000000000001
2017-09-24,88.0,91.04
2017-09-25,86.0,87.98
2017-09-26,85.0,84.02
2017-09-27,87.0,87.08000000000001
2017-09-28,80.0,78.98
2017-09-29,71.0,68.0
2017-09-30,66.0,66.02
2017-10-01,67.0,68.0
2017-10-02,72.0,73.04
2017-10-03,73.0,71.06
2017-10-04,75.0,75.02
2017-10-05,80.0,82.94
2017-10-06,80.0,82.04
2017-10-07,80.0,80.96
2017-10-08,79.0,77.0
2017-10-09,79.0,77.0
2017-10-10,81.0,80.96
2017-10-11,76.0,77.0
2017-10-12,63.0,64.04
2017-10-13,65.0,66.92
2017-10-14,75.0,71.96
2017-10-15,76.0,73.94
2017-10-16,61.0,69.08
2017-10-17,59.0,57.92
2017-10-18,70.0,71.96
2017-10-19,72.0,71.06
2017-10-20,73.0,73.04
2017-10-21,77.0,78.08
2017-10-22,78.0,75.92
2017-10-23,74.0,73.94
2017-10-24,74.0,73.94
2017-10-25,69.0,66.92
2017-10-27,64.0,62.06
2017-10-28,70.0,69.08
2017-10-29,68.0,66.92
2017-10-30,58.0,60.98
2017-10-31,59.0,57.02
2017-11-01,59.0,59.0
2017-11-02,71.0,71.96
2017-11-03,74.0,73.94
2017-11-04,58.0,55.94
2017-11-05,62.0,60.98
2017-11-06,69.0,66.02
2017-11-07,49.0,48.92
2017-11-08,49.0,48.92
2017-11-09,53.0,55.04
2017-11-10,40.0,51.08
2017-11-11,38.0,37.94
2017-11-12,47.0,46.04
2017-11-13,45.0,46.94
2017-11-14,47.0,48.02
2017-11-15,47.0,51.08
2017-11-16,58.0,57.02
2017-11-17,50.0,46.94
2017-11-18,52.0,55.94
2017-11-19,56.0,59.0
2017-11-20,48.0,46.94
2017-11-21,59.0,57.92
2017-11-22,54.0,55.94
2017-11-23,43.0,42.98
2017-11-24,51.0,50.0
2017-11-25,55.0,57.02
2017-11-26,51.0,51.08
2017-11-27,52.0,51.08
2017-11-28,53.0,53.96
2017-11-29,61.0,62.96
2017-11-30,52.0,53.06
2017-12-01,54.0,51.98
2017-12-02,50.0,48.02
2017-12-03,52.0,48.02
2017-12-04,52.0,51.08
2017-12-05,59.0,60.98
2017-12-06,48.0,59.0
2017-12-07,47.0,44.06
2017-12-08,43.0,39.02
2017-12-09,36.0,35.06
2017-12-10,40.0,39.02
2017-12-11,42.0,41.0
2017-12-12,47.0,50.0
2017-12-13,33.0,31.1
2017-12-14,36.0,32.0
2017-12-15,29.0,28.22
2017-12-16,37.0,39.02
2017-12-17,35.0,37.94
2017-12-18,46.0,46.94
2017-12-19,54.0,55.04
2017-12-20,47.0,51.08
2017-12-21,40.0,39.02
2017-12-22,48.0,50.0
2017-12-23,49.0,48.02
2017-12-24,42.0,41.0
2017-12-25,42.0,37.94
2017-12-26,31.0,28.22
2017-12-27,26.0,24.26
2017-12-28,21.0,18.14
2017-12-29,23.0,22.1
2017-12-30,24.0,23.18
2017-12-31,19.0,21.2
2018-01-01,18.0,19.22
2018-01-02,26.0,26.24
2018-01-03,28.0,30.2
2018-01-04,28.0,29.12
2018-01-05,17.0,19.22
2018-01-06,16.0,13.1
2018-01-07,23.0,18.14
2018-01-08,33.0,31.1
2018-01-09,44.0,44.06
2018-01-10,40.0,42.98
2018-01-11,53.0,53.06
2018-01-12,62.0,60.98
2018-01-13,39.0,57.92
2018-01-14,27.0,25.16
2018-01-15,29.0,30.2
2018-01-16,36.0,35.96
2018-01-17,41.0,35.96
2018-01-18,34.0,32.0
2018-01-19,41.0,41.0
2018-01-20,52.0,51.98
2018-01-21,48.0,50.0
2018-01-22,53.0,48.92
2018-01-23,58.0,60.08
2018-01-24,45.0,44.06
2018-01-25,36.0,33.98
2018-01-26,40.0,37.94
2018-01-27,52.0,55.94
2018-01-28,52.0,55.04
2018-01-29,45.0,46.94
2018-01-30,37.0,35.96
2018-01-31,34.0,33.08
2018-02-01,46.0,44.96
2018-02-02,33.0,41.0
2018-02-03,31.0,31.1
2018-02-04,44.0,46.04
2018-02-05,39.0,39.92
2018-02-06,40.0,37.04
2018-02-07,39.0,44.96
2018-02-08,34.0,33.08
2018-02-09,38.0,39.02
2018-02-10,51.0,50.0
2018-02-11,53.0,62.06
2018-02-12,48.0,62.06
2018-02-13,41.0,37.94
2018-02-14,50.0,53.06
2018-02-15,61.0,62.06
2018-02-16,57.0,57.92
2018-02-17,44.0,39.92
2018-02-18,49.0,44.06
2018-02-19,54.0,48.92
2018-02-20,66.0,66.92
2018-02-21,70.0,78.08
2018-02-22,47.0,59.0
2018-02-23,45.0,42.08
2018-02-24,55.0,55.04
2018-02-25,53.0,44.06
2018-02-26,55.0,51.98
2018-02-27,57.0,55.94
2018-02-28,59.0,60.98
2018-03-01,58.0,60.08
2018-03-02,49.0,44.06
2018-03-03,49.0,48.92
2018-03-04,48.0,44.06
2018-03-05,46.0,42.98
2018-03-06,47.0,46.94
2018-03-07,42.0,39.02
2018-03-08,44.0,39.02
2018-03-09,44.0,42.08
2018-03-10,46.0,39.92
2018-03-11,45.0,44.96
2018-03-12,45.0,42.98
2018-03-13,43.0,39.92
2018-03-14,44.0,41.0
2018-03-15,46.0,48.02
2018-03-16,44.0,39.92
2018-03-17,46.0,48.02
2018-03-18,44.0,42.98
2018-03-19,47.0,46.94
2018-03-20,42.0,39.02
2018-03-21,38.0,39.02
2018-03-22,47.0,50.0
2018-03-23,48.0,48.92
2018-03-24,49.0,51.08
2018-03-25,45.0,44.96
2018-03-26,49.0,50.0
2018-03-27,50.0,46.94
2018-03-28,54.0,51.98
2018-03-29,57.0,53.06
2018-03-30,62.0,62.06
2018-03-31,60.0,57.92
2018-04-01,61.0,60.08
2018-04-02,41.0,42.98
2018-04-03,46.0,42.98
2018-04-04,61.0,55.94
2018-04-05,47.0,44.96
2018-04-06,54.0,62.06
2018-04-07,50.0,48.92
2018-04-08,48.0,46.04
2018-04-09,46.0,48.92
2018-04-10,51.0,51.08
2018-04-11,51.0,51.08
2018-04-12,61.0,62.96
2018-04-13,74.0,82.04
2018-04-14,72.0,77.0
2018-04-15,42.0,44.06
2018-04-16,62.0,60.08
2018-04-17,53.0,46.94
2018-04-18,56.0,55.04
2018-04-19,49.0,48.92
2018-04-20,52.0,50.0
2018-04-21,58.0,62.96
2018-04-22,63.0,66.92
2018-04-23,66.0,68.0
2018-04-24,65.0,66.02
2018-04-25,59.0,60.08
2018-04-26,68.0,69.98
2018-04-27,56.0,59.0
2018-04-28,71.0,68.0
2018-04-29,55.0,59.0
2018-04-30,55.0,51.08
2018-05-01,75.0,80.06
2018-05-02,85.0,89.96000000000001
2018-05-03,83.0,91.94
2018-05-04,82.0,84.02
2018-05-05,74.0,75.92
2018-05-06,63.0,66.02
2018-05-07,69.0,77.0
2018-05-08,72.0,73.94
2018-05-09,75.0,77.0
2018-05-10,73.0,66.02
2018-05-11,72.0,73.04
2018-05-12,60.0,62.96
2018-05-13,58.0,53.96
2018-05-14,71.0,71.06
2018-05-15,81.0,87.98
2018-05-16,59.0,64.04
2018-05-17,66.0,71.06
2018-05-18,64.0,66.92
2018-05-19,63.0,55.94
2018-05-20,78.0,80.96
2018-05-21,79.0,78.98
2018-05-22,69.0,68.0
2018-05-23,82.0,80.96
2018-05-24,82.0,82.94
2018-05-25,85.0,86.0
2018-05-26,87.0,89.06
2018-05-27,65.0,80.06
2018-05-28,73.0,69.08
2018-05-29,86.0,89.06
2018-05-30,77.0,78.08
2018-05-31,72.0,68.0
2018-06-01,79.0,80.96
2018-06-02,85.0,87.08000000000001
2018-06-03,66.0,66.02
2018-06-04,68.0,71.06
2018-06-05,75.0,75.02
2018-06-06,71.0,71.06
2018-06-07,72.0,71.06
2018-06-08,81.0,82.04
2018-06-09,80.0,82.94
2018-06-10,73.0,73.04
2018-06-11,73.0,73.04
2018-06-12,76.0,75.02
2018-06-13,73.0,78.08
2018-06-14,84.0,84.02
2018-06-15,76.0,75.92
2018-06-16,84.0,84.91999999999999
2018-06-17,88.0,91.04
2018-06-18,89.0,91.04
2018-06-19,89.0,87.98
2018-06-20,84.0,82.94
2018-06-21,82.0,82.94
2018-06-22,73.0,75.02
2018-06-23,72.0,66.02
2018-06-24,83.0,84.02
2018-06-25,83.0,80.96
2018-06-26,78.0,78.08
2018-06-27,77.0,73.04
2018-06-28,81.0,82.94
2018-06-29,90.0,89.06
2018-06-30,94.0,93.02
2018-07-01,98.0,96.08
2018-07-02,94.0,95.0
2018-07-03,91.0,91.94
2018-07-04,86.0,86.0
2018-07-05,89.0,89.96000000000001
2018-07-06,85.0,80.06
2018-07-07,78.0,78.08
2018-07-08,83.0,84.02
2018-07-09,87.0,87.08000000000001
2018-07-10,91.0,93.02
2018-07-11,86.0,87.98
2018-07-12,83.0,84.02
2018-07-13,85.0,84.02
2018-07-14,87.0,87.98
2018-07-15,87.0,82.94
2018-07-16,90.0,89.96000000000001
2018-07-17,85.0,87.98
2018-07-18,88.0,84.91999999999999
2018-07-19,83.0,82.94
2018-07-20,85.0,82.04
2018-07-21,78.0,78.98
2018-07-22,84.0,78.98
2018-07-23,80.0,80.06
2018-07-24,82.0,82.04
2018-07-25,78.0,77.0
2018-07-26,86.0,84.91999999999999
2018-07-27,89.0,86.0
2018-07-28,88.0,84.91999999999999
2018-07-29,86.0,82.04
2018-07-30,83.0,78.08
2018-07-31,83.0,82.04
2018-08-01,84.0,84.02
2018-08-02,87.0,86.0
2018-08-03,83.0,84.91999999999999
2018-08-04,85.0,84.02
2018-08-05,93.0,91.04
2018-08-06,94.0,91.94
2018-08-07,92.0,89.96000000000001
2018-08-08,92.0,89.96000000000001
2018-08-09,92.0,86.0
2018-08-10,89.0,86.0
2018-08-11,80.0,80.06
2018-08-12,83.0,84.02
2018-08-13,79.0,75.02
2018-08-14,84.0,82.04
2018-08-15,91.0,86.0
2018-08-16,93.0,87.98
2018-08-17,89.0,87.08000000000001
2018-08-18,87.0,84.91999999999999
2018-08-19,73.0,71.96
2018-08-20,79.0,73.94
2018-08-21,78.0,78.98
2018-08-22,85.0,82.04
2018-08-23,81.0,77.0
2018-08-24,85.0,82.04
2018-08-25,82.0,80.06
2018-08-26,83.0,82.94
2018-08-27,90.0,87.98
2018-08-28,95.0,93.92
2018-08-29,95.0,91.94
2018-08-30,91.0,89.96000000000001
2018-08-31,76.0,78.08
2018-09-01,78.0,78.08
2018-09-02,82.0,80.96
2018-09-03,90.0,89.96000000000001
2018-09-04,92.0,91.94
2018-09-05,89.0,89.06
2018-09-06,91.0,93.02
2018-09-07,79.0,75.02
2018-09-08,73.0,71.06
2018-09-09,66.0,62.06
2018-09-10,66.0,64.04
2018-09-11,82.0,73.94
2018-09-12,77.0,77.0
2018-09-13,78.0,75.92
2018-09-14,77.0,75.02
2018-09-15,81.0,80.06
2018-09-16,84.0,84.02
2018-09-17,81.0,78.98
2018-09-18,80.0,78.98
2018-09-19,82.0,80.96
2018-09-20,73.0,71.96
2018-09-21,74.0,71.96
2018-09-22,75.0,73.94
2018-09-23,68.0,66.02
2018-09-24,68.0,69.08
2018-09-25,70.0,73.04
2018-09-26,82.0,82.04
2018-09-27,74.0,71.96
2018-09-28,66.0,64.94
2018-09-29,77.0,71.96
2018-09-30,72.0,69.98
2018-10-01,79.0,75.92
2018-10-02,79.0,77.0
2018-10-03,79.0,73.94
2018-10-04,80.0,75.92
2018-10-05,72.0,71.06
2018-10-06,70.0,68.0
2018-10-07,81.0,78.98
2018-10-08,69.0,73.94
2018-10-09,80.0,77.0
2018-10-10,82.0,80.06
2018-10-11,80.0,77.0
2018-10-12,67.0,68.0
2018-10-13,58.0,55.04
2018-10-14,62.0,57.92
2018-10-15,66.0,68.0
2018-10-16,60.0,60.08
2018-10-17,62.0,60.98
2018-10-18,51.0,50.0
2018-10-19,62.0,60.08
2018-10-20,65.0,62.06
2018-10-21,51.0,51.08
2018-10-22,54.0,50.0
2018-10-23,61.0,62.96
2018-10-24,56.0,53.96
2018-10-25,52.0,51.08
2018-10-26,52.0,50.0
2018-10-27,54.0,51.08
2018-10-28,57.0,51.98
2018-10-29,58.0,55.94
2018-10-30,56.0,55.04
2018-10-31,63.0,64.04
2018-11-01,70.0,69.98
2018-11-02,72.0,71.96
2018-11-03,62.0,64.94
2018-11-04,56.0,55.04
2018-11-05,53.0,53.06
2018-11-06,63.0,59.0
2018-11-07,62.0,62.06
2018-11-08,56.0,55.94
2018-11-09,51.0,51.98
2018-11-10,48.0,50.0
2018-11-11,47.0,46.04
2018-11-12,51.0,48.92
2018-11-13,54.0,50.0
2018-11-14,41.0,42.98
2018-11-15,39.0,39.92
2018-11-16,47.0,44.96
2018-11-17,47.0,46.94
2018-11-18,44.0,44.06
2018-11-19,51.0,50.0
2018-11-20,50.0,46.94
2018-11-21,43.0,44.06
2018-11-22,27.0,28.22
2018-11-23,31.0,32.0
2018-11-24,50.0,48.92
2018-11-25,53.0,55.04
2018-11-26,50.0,53.06
2018-11-27,49.0,44.96
2018-11-28,47.0,42.08
2018-11-29,48.0,46.04
2018-11-30,42.0,42.98
2018-12-01,44.0,46.04
2018-12-02,58.0,55.94
2018-12-03,57.0,55.04
2018-12-04,42.0,46.04
2018-12-05,40.0,37.04
2018-12-06,41.0,39.92
2018-12-07,40.0,39.02
2018-12-08,36.0,35.96
2018-12-09,40.0,35.96
2018-12-10,41.0,39.02
2018-12-11,40.0,41.0
2018-12-12,41.0,41.0
2018-12-13,42.0,39.92
2018-12-14,51.0,51.08
2018-12-15,53.0,51.98
2018-12-16,42.0,46.04
2018-12-17,48.0,46.04
2018-12-18,40.0,39.92
2018-12-19,44.0,42.08
2018-12-20,49.0,46.94
2018-12-21,64.0,60.98
2018-12-22,53.0,53.96
2018-12-23,44.0,42.98
2018-12-24,46.0,42.98
2018-12-25,43.0,39.92
2018-12-26,43.0,42.98
2018-12-27,43.0,44.06
2018-12-28,58.0,60.08
2018-12-29,52.0,57.02
2018-12-30,46.0,39.92
2018-12-31,49.0,48.02
2019-01-01,61.0,57.92
2019-01-02,42.0,39.92
2019-01-03,51.0,44.06
2019-01-04,50.0,46.94
2019-01-05,50.0,46.94
2019-01-06,51.0,48.92
2019-01-07,38.0,33.98
2019-01-08,48.0,44.96
2019-01-09,49.0,44.96
2019-01-10,42.0,33.98
2019-01-11,33.0,30.2
2019-01-12,33.0,33.98
2019-01-13,34.0,33.08
2019-01-14,36.0,32.0
2019-01-15,41.0,35.96
2019-01-16,43.0,39.02
2019-01-17,35.0,33.08
2019-01-18,43.0,39.02
2019-01-19,39.0,37.04
2019-01-20,50.0,42.08
2019-01-21,18.0,14.18
2019-01-22,29.0,31.1
2019-01-23,47.0,51.98
2019-01-24,60.0,59.0
2019-01-25,41.0,39.92
2019-01-26,36.0,35.06
2019-01-27,48.0,48.92
2019-01-28,34.0,37.94
2019-01-29,39.0,42.98
2019-01-30,28.0,35.06
2019-01-31,15.0,16.16
2019-02-01,21.0,21.2
2019-02-02,35.0,33.98
2019-02-03,47.0,53.06
2019-02-04,54.0,60.98
2019-02-05,57.0,64.94
2019-02-06,45.0,46.04
2019-02-07,51.0,44.06
2019-02-08,57.0,55.04
2019-02-09,37.0,32.0
2019-02-10,38.0,35.06
2019-02-11,40.0,37.94
2019-02-12,38.0,35.96
2019-02-13,46.0,41.0
2019-02-14,45.0,46.04
2019-02-15,55.0,59.0
2019-02-16,44.0,46.94
2019-02-17,40.0,37.94
2019-02-18,48.0,42.08
2019-02-19,39.0,35.96
2019-02-20,36.0,33.08
2019-02-21,54.0,51.98
2019-02-22,48.0,44.06
2019-02-23,46.0,42.08
2019-02-24,53.0,46.94
2019-02-25,46.0,42.98
2019-02-26,39.0,35.96
2019-02-27,32.0,31.1
2019-02-28,40.0,37.04
2019-03-01,39.0,35.06
2019-03-02,43.0,41.0
2019-03-03,43.0,42.08
2019-03-04,42.0,37.94
2019-03-05,33.0,32.0
2019-03-06,30.0,26.24
2019-03-07,33.0,32.0
2019-03-08,39.0,39.02
2019-03-09,47.0,48.92
2019-03-10,49.0,42.98
2019-03-11,53.0,53.06
2019-03-12,48.0,44.06
2019-03-13,51.0,48.92
2019-03-14,58.0,57.02
2019-03-15,66.0,75.02
2019-03-16,55.0,57.92
2019-03-17,47.0,44.96
2019-03-18,50.0,46.04
2019-03-19,51.0,51.08
2019-03-20,55.0,53.06
2019-03-21,50.0,46.04
2019-03-22,51.0,48.92
2019-03-23,51.0,48.02
2019-03-24,60.0,60.08
2019-03-25,54.0,55.94
2019-03-26,50.0,48.92
2019-03-27,53.0,46.94
2019-03-28,56.0,53.06
2019-03-29,61.0,59.0
2019-03-30,68.0,69.98
2019-03-31,61.0,64.94
2019-04-01,49.0,46.04
2019-04-02,51.0,51.98
2019-04-03,65.0,66.92
2019-04-04,55.0,60.08
2019-04-05,45.0,44.96
2019-04-06,63.0,68.0
2019-04-07,65.0,66.02
2019-04-08,71.0,78.98
2019-04-09,65.0,51.08
2019-04-10,61.0,60.08
2019-04-11,53.0,55.04
2019-04-12,64.0,68.0
2019-04-13,71.0,77.0
2019-04-14,67.0,73.04
2019-04-15,61.0,64.94
2019-04-16,63.0,66.02
2019-04-17,62.0,62.96
2019-04-18,66.0,62.06
2019-04-19,69.0,80.06
2019-04-20,67.0,64.04
2019-04-21,69.0,66.02
2019-04-22,65.0,64.04
2019-04-23,75.0,77.0
2019-04-24,68.0,69.08
2019-04-25,66.0,66.02
2019-04-26,66.0,59.0
2019-04-27,60.0,57.92
2019-04-28,52.0,53.06
2019-04-29,60.0,60.08
2019-04-30,66.0,60.08
2019-05-01,56.0,55.94
2019-05-02,73.0,78.08
2019-05-03,62.0,55.94
2019-05-04,68.0,71.06
2019-05-05,57.0,57.92
2019-05-06,68.0,73.94
2019-05-07,72.0,69.98
2019-05-08,68.0,71.06
2019-05-09,59.0,60.98
2019-05-10,72.0,73.04
2019-05-11,69.0,69.08
2019-05-12,49.0,59.0
2019-05-13,51.0,48.02
2019-05-14,58.0,51.98
2019-05-15,67.0,69.08
2019-05-16,73.0,73.04
2019-05-17,77.0,75.92
2019-05-18,75.0,75.02
2019-05-19,76.0,75.92
2019-05-20,84.0,84.91999999999999
2019-05-21,72.0,71.06
2019-05-22,75.0,73.94
2019-05-23,71.0,71.96
2019-05-24,74.0,73.04
2019-05-25,71.0,71.06
2019-05-26,88.0,86.0
2019-05-27,81.0,80.06
2019-05-28,72.0,71.06
2019-05-29,77.0,69.98
2019-05-30,75.0,69.98
2019-05-31,82.0,80.06
2019-06-01,82.0,80.06
2019-06-02,81.0,80.96
2019-06-03,73.0,69.98
2019-06-04,72.0,69.98
2019-06-05,79.0,80.96
2019-06-06,83.0,82.94
2019-06-07,81.0,80.96
2019-06-08,80.0,80.96
2019-06-09,78.0,78.08
2019-06-10,68.0,69.98
2019-06-11,77.0,77.0
2019-06-12,76.0,73.94
2019-06-13,63.0,64.94
2019-06-14,74.0,73.04
2019-06-15,81.0,80.96
2019-06-16,79.0,80.06
2019-06-17,78.0,75.92
2019-06-18,72.0,73.04
2019-06-19,78.0,71.06
2019-06-20,81.0,78.08
2019-06-21,74.0,77.0
2019-06-22,82.0,78.98
2019-06-23,85.0,82.94
2019-06-24,85.0,84.02
2019-06-25,80.0,84.02
2019-06-26,87.0,87.08000000000001
2019-06-27,89.0,89.06
2019-06-28,89.0,89.06
2019-06-29,89.0,91.04
2019-06-30,85.0,82.94
2019-07-01,85.0,84.91999999999999
2019-07-02,86.0,84.91999999999999
2019-07-03,88.0,87.08000000000001
2019-07-04,89.0,89.96000000000001
2019-07-05,86.0,86.0
2019-07-06,90.0,89.96000000000001
2019-07-07,83.0,86.0
2019-07-08,77.0,78.08
2019-07-09,88.0,87.08000000000001
2019-07-10,89.0,87.98
2019-07-11,82.0,87.08000000000001
2019-07-12,89.0,87.08000000000001
2019-07-13,87.0,84.91999999999999
2019-07-14,91.0,89.06
2019-07-15,85.0,84.91999999999999
2019-07-16,90.0,91.04
2019-07-17,92.0,93.02
2019-07-18,81.0,78.98
2019-07-19,92.0,91.04
2019-07-20,97.0,95.0
2019-07-21,98.0,95.0
2019-07-22,82.0,89.96000000000001
2019-07-23,72.0,73.94
2019-07-24,82.0,82.94
2019-07-25,84.0,84.02
2019-07-26,86.0,87.98
2019-07-27,85.0,84.91999999999999
2019-07-28,89.0,87.98
2019-07-29,90.0,89.96000000000001
2019-07-30,93.0,91.94
2019-07-31,86.0,87.08000000000001
2019-08-01,87.0,87.08000000000001
2019-08-02,85.0,84.02
2019-08-03,86.0,86.0
2019-08-04,88.0,87.08000000000001
2019-08-05,82.0,82.04
2019-08-06,83.0,78.98
2019-08-07,87.0,84.02
2019-08-08,89.0,84.02
2019-08-10,83.0,80.96
2019-08-11,81.0,80.06
2019-08-12,85.0,84.91999999999999
2019-08-13,82.0,78.98
2019-08-14,82.0,84.02
2019-08-15,82.0,84.91999999999999
2019-08-16,81.0,78.98
2019-08-17,84.0,87.08000000000001
2019-08-18,90.0,89.96000000000001
2019-08-19,88.0,89.96000000000001
2019-08-20,88.0,87.98
2019-08-21,88.0,87.08000000000001
2019-08-22,89.0,89.96000000000001
2019-08-23,79.0,73.94
2019-08-24,77.0,75.92
2019-08-25,75.0,77.0
2019-08-26,74.0,73.94
2019-08-27,75.0,75.02
2019-08-28,80.0,73.94
2019-08-29,85.0,80.96
2019-08-30,85.0,86.0
2019-08-31,80.0,80.96
2019-09-01,78.0,78.08
2019-09-02,79.0,73.94
2019-09-03,81.0,82.04
2019-09-04,86.0,87.08000000000001
2019-09-05,76.0,73.94
2019-09-06,71.0,66.92
2019-09-07,78.0,75.02
2019-09-08,79.0,77.0
2019-09-09,75.0,78.08
2019-09-10,79.0,75.92
2019-09-11,84.0,87.98
2019-09-12,75.0,80.96
2019-09-13,71.0,71.96
2019-09-14,73.0,73.94
2019-09-15,81.0,82.04
2019-09-16,77.0,77.0
2019-09-17,77.0,75.92
2019-09-18,71.0,69.08
2019-09-19,71.0,69.98
2019-09-20,78.0,78.08
2019-09-21,83.0,84.02
2019-09-22,85.0,86.0
2019-09-23,86.0,89.06
2019-09-24,77.0,75.92
2019-09-25,77.0,78.98
2019-09-26,78.0,82.94
2019-09-27,76.0,75.92
2019-09-28,79.0,82.04
2019-09-29,78.0,80.06
2019-09-30,68.0,71.06
2019-10-01,79.0,80.96
2019-10-02,83.0,93.02
2019-10-03,59.0,62.96
2019-10-04,69.0,66.02
2019-10-05,59.0,60.98
2019-10-06,68.0,69.98
2019-10-07,75.0,78.98
2019-10-08,66.0,64.04
2019-10-09,58.0,59.0
2019-10-10,60.0,71.06
2019-10-11,61.0,64.04
2019-10-12,67.0,66.92
2019-10-13,65.0,66.92
2019-10-14,68.0,71.96
2019-10-15,65.0,64.04
2019-10-16,65.0,66.02
2019-10-17,60.0,57.02
2019-10-18,61.0,57.92
2019-10-19,60.0,60.08
2019-10-20,58.0,59.0
2019-10-21,63.0,66.92
2019-10-22,62.0,62.96
2019-10-23,68.0,64.94
2019-10-24,67.0,66.92
2019-10-25,66.0,64.94
2019-10-26,62.0,62.96
2019-10-27,66.0,66.92
2019-10-28,64.0,62.96
2019-10-29,62.0,59.0
2019-10-30,69.0,62.96
2019-10-31,72.0,71.06
2019-11-01,56.0,71.06
2019-11-02,53.0,53.06
2019-11-03,52.0,53.96
2019-11-04,55.0,55.94
2019-11-05,61.0,60.98
2019-11-06,54.0,53.96
2019-11-07,57.0,57.02
2019-11-08,41.0,41.0
2019-11-09,41.0,41.0
2019-11-10,52.0,51.08
2019-11-11,58.0,62.06
2019-11-12,43.0,57.02
2019-11-13,34.0,33.98
2019-11-14,45.0,44.96
2019-11-15,50.0,51.08
2019-11-16,38.0,42.08
2019-11-17,40.0,42.98
2019-11-18,42.0,42.08
2019-11-19,50.0,48.02
2019-11-20,46.0,48.92
2019-11-21,51.0,53.06
2019-11-22,56.0,53.06
2019-11-23,45.0,44.96
2019-11-24,51.0,46.04
2019-11-25,52.0,53.06
2019-11-26,59.0,60.98
2019-11-27,57.0,59.0
2019-11-28,55.0,53.06
2019-11-29,44.0,39.92
2019-11-30,43.0,42.98
2019-12-01,41.0,39.02
2019-12-02,40.0,37.04
2019-12-03,40.0,35.96
2019-12-04,42.0,39.02
2019-12-05,44.0,42.08
2019-12-06,44.0,50.0
2019-12-07,39.0,37.94
2019-12-08,43.0,46.04
2019-12-09,53.0,55.04
2019-12-10,57.0,57.92
2019-12-11,36.0,39.92
2019-12-12,36.0,35.96
2019-12-13,50.0,48.02
2019-12-14,55.0,55.94
2019-12-15,50.0,48.92
2019-12-16,39.0,37.04
2019-12-17,40.0,35.06
2019-12-18,37.0,35.96
2019-12-19,25.0,25.16
2019-12-20,33.0,33.08
2019-12-21,37.0,35.06
2019-12-22,45.0,46.04
2019-12-23,52.0,57.02
2019-12-24,48.0,46.94
2019-12-25,47.0,46.94
2019-12-26,45.0,46.04
2019-12-27,55.0,53.96
2019-12-28,53.0,51.08
2019-12-29,47.0,44.06
2019-12-30,50.0,41.0
2019-12-31,50.0,44.96
2020-01-01,45.0,41.0
2020-01-02,50.0,48.92
2020-01-03,50.0,48.92
2020-01-04,56.0,51.08
2020-01-05,44.0,42.08
2020-01-06,48.0,44.96
2020-01-07,43.0,44.96
2020-01-08,43.0,42.08
2020-01-09,35.0,33.98
2020-01-10,52.0,55.04
2020-01-11,65.0,69.08
2020-01-12,68.0,68.0
2020-01-13,51.0,46.04
2020-01-14,47.0,46.04
2020-01-15,53.0,50.0
2020-01-16,53.0,48.92
2020-01-17,32.0,33.08
2020-01-18,40.0,37.04
2020-01-19,43.0,42.98
2020-01-20,32.0,31.1
2020-01-21,34.0,33.08
2020-01-22,41.0,37.94
2020-01-23,47.0,46.94
2020-01-24,51.0,51.08
2020-01-25,51.0,51.08
2020-01-26,48.0,46.04
2020-01-27,47.0,44.96
2020-01-28,44.0,42.98
2020-01-29,42.0,41.0
2020-01-30,40.0,37.94
2020-01-31,45.0,44.06
2020-02-01,47.0,42.98
2020-02-02,46.0,44.96
2020-02-03,55.0,57.02
2020-02-04,57.0,60.98
2020-02-05,44.0,55.04
2020-02-06,50.0,41.0
2020-02-07,59.0,55.94
2020-02-08,43.0,41.0
2020-02-09,46.0,44.06
2020-02-10,50.0,46.94
2020-02-11,50.0,48.02
2020-02-12,45.0,46.04
2020-02-13,54.0,44.06
2020-02-14,34.0,39.92
2020-02-15,34.0,31.1
2020-02-16,47.0,44.06
2020-02-17,48.0,51.08
2020-02-18,50.0,46.94
2020-02-19,48.0,48.02
2020-02-20,40.0,35.06
2020-02-21,36.0,35.06
2020-02-22,49.0,50.0
2020-02-23,54.0,55.94
2020-02-24,58.0,62.06
2020-02-25,53.0,53.06
2020-02-26,54.0,48.02
2020-02-27,49.0,42.98
2020-02-28,44.0,42.08
2020-02-29,40.0,35.06
2020-03-01,43.0,44.06
2020-03-02,55.0,57.92
2020-03-03,60.0,59.0
2020-03-04,56.0,55.94
2020-03-05,53.0,51.08
2020-03-06,50.0,44.96
2020-03-07,48.0,48.02
2020-03-08,58.0,59.0
2020-03-09,67.0,71.96
2020-03-10,65.0,64.94
2020-03-11,55.0,57.02
2020-03-12,54.0,50.0
2020-03-13,66.0,69.98
2020-03-14,56.0,57.02
2020-03-15,52.0,53.96
2020-03-16,48.0,44.96
2020-03-17,56.0,53.96
2020-03-18,56.0,53.96
2020-03-19,54.0,51.98
2020-03-20,70.0,77.0
2020-03-21,51.0,64.94
2020-03-22,46.0,44.96
2020-03-23,45.0,41.0
2020-03-24,53.0,55.04
2020-03-25,48.0,44.96
2020-03-26,58.0,60.08
2020-03-27,65.0,69.08
2020-03-28,56.0,53.96
2020-03-29,59.0,46.94
2020-03-30,59.0,51.98
2020-03-31,50.0,48.92
2020-04-01,54.0,55.94
2020-04-02,54.0,57.92
2020-04-03,54.0,51.98
2020-04-04,57.0,62.06
2020-04-05,63.0,64.94
2020-04-06,65.0,66.02
2020-04-07,65.0,68.0
2020-04-08,62.0,64.04
2020-04-09,61.0,59.0
2020-04-10,54.0,48.92
2020-04-11,55.0,55.94
2020-04-12,65.0,62.96
2020-04-13,67.0,66.92
2020-04-14,57.0,60.08
2020-04-15,52.0,53.96
2020-04-16,50.0,50.0
2020-04-17,49.0,51.08
2020-04-18,49.0,46.04
2020-04-19,61.0,62.96
2020-04-20,59.0,57.02
2020-04-21,62.0,60.98
2020-04-22,53.0,51.08
2020-04-23,52.0,51.98
2020-04-24,48.0,48.92
2020-04-25,62.0,64.94
2020-04-26,50.0,51.08
2020-04-27,49.0,50.0
2020-04-28,60.0,66.92
2020-04-29,58.0,59.0
2020-04-30,61.0,60.08
2020-05-01,63.0,66.02
2020-05-02,71.0,73.04
2020-05-03,73.0,80.06
2020-05-04,65.0,75.02
2020-05-05,62.0,62.96
2020-05-06,56.0,51.98
2020-05-07,65.0,66.92
2020-05-08,55.0,57.02
2020-05-09,51.0,48.02
2020-05-10,61.0,64.04
2020-05-11,60.0,60.98
2020-05-12,59.0,59.0
2020-05-13,59.0,64.04
2020-05-14,66.0,66.92
2020-05-15,77.0,84.02
2020-05-16,74.0,77.0
2020-05-17,67.0,69.08
2020-05-18,66.0,69.98
2020-05-19,66.0,68.0
2020-05-20,64.0,66.02
2020-05-21,66.0,68.0
2020-05-22,72.0,77.0
2020-05-23,65.0,66.92
2020-05-24,65.0,66.92
2020-05-25,70.0,71.06
2020-05-26,76.0,78.08
2020-05-27,77.0,78.98
2020-05-28,73.0,75.92
2020-05-29,77.0,80.96
2020-05-30,80.0,80.96
2020-05-31,69.0,69.98
2020-06-01,68.0,69.98
2020-06-02,71.0,71.96
2020-06-03,79.0,78.98
2020-06-04,86.0,84.02
2020-06-05,75.0,78.98
2020-06-06,87.0,86.0
2020-06-07,78.0,75.92
2020-06-08,78.0,78.98
2020-06-09,85.0,87.08000000000001
2020-06-10,84.0,84.91999999999999
2020-06-11,78.0,84.02
2020-06-12,84.0,84.91999999999999
2020-06-13,74.0,75.02
2020-06-14,71.0,73.94
2020-06-15,74.0,75.02
2020-06-16,75.0,78.08
2020-06-17,74.0,78.08
2020-06-18,76.0,77.0
2020-06-19,80.0,82.94
2020-06-20,83.0,86.0
2020-06-21,84.0,87.98
2020-06-22,87.0,89.96000000000001
2020-06-23,86.0,87.08000000000001
2020-06-24,86.0,86.0
2020-06-25,85.0,87.08000000000001
2020-06-26,86.0,87.08000000000001
2020-06-27,81.0,80.06
2020-06-28,87.0,89.96000000000001
2020-06-29,85.0,87.08000000000001
2020-06-30,78.0,80.06
2020-07-01,81.0,80.06
2020-07-02,88.0,91.94
2020-07-03,88.0,89.96000000000001
2020-07-04,84.0,87.08000000000001
2020-07-05,89.0,91.94
2020-07-06,86.0,96.08
2020-07-07,84.0,82.04
2020-07-08,87.0,82.94
2020-07-09,89.0,89.06
2020-07-10,77.0,77.0
2020-07-11,87.0,82.94
2020-07-12,89.0,87.08000000000001
2020-07-13,87.0,86.0
2020-07-14,87.0,84.91999999999999
2020-07-15,82.0,82.04
2020-07-16,78.0,78.08
2020-07-17,81.0,84.02
2020-07-18,91.0,91.04
2020-07-19,94.0,93.92
2020-07-20,95.0,93.02
2020-07-21,90.0,91.04
2020-07-22,88.0,91.94
2020-07-23,89.0,86.0
2020-07-24,83.0,80.06
2020-07-25,89.0,87.98
2020-07-26,94.0,91.94
2020-07-27,95.0,93.02
2020-07-28,92.0,93.02
2020-07-29,90.0,89.96000000000001
2020-07-30,92.0,91.94
2020-07-31,78.0,82.04
2020-08-01,88.0,87.98
2020-08-02,87.0,89.06
2020-08-03,87.0,87.98
2020-08-04,79.0,78.98
2020-08-05,88.0,86.0
2020-08-06,82.0,82.04
2020-08-07,77.0,80.96
2020-08-08,81.0,82.94
2020-08-09,87.0,87.08000000000001
2020-08-10,91.0,91.94
2020-08-11,90.0,87.98
2020-08-12,89.0,89.96000000000001
2020-08-13,82.0,78.98
2020-08-14,86.0,86.0
2020-08-15,83.0,84.02
2020-08-16,72.0,71.96
2020-08-17,79.0,80.96
2020-08-18,85.0,82.04
2020-08-19,82.0,75.02
2020-08-20,80.0,80.06
2020-08-21,85.0,82.94
2020-08-22,89.0,87.98
2020-08-23,87.0,86.0
2020-08-24,90.0,89.96000000000001
2020-08-25,93.0,89.06
2020-08-26,80.0,77.0
2020-08-27,89.0,89.96000000000001
2020-08-28,86.0,84.91999999999999
2020-08-29,79.0,80.96
2020-08-30,81.0,78.98
2020-08-31,77.0,77.0
2020-09-01,79.0,77.0
2020-09-02,81.0,78.98
2020-09-03,86.0,84.91999999999999
2020-09-04,87.0,84.91999999999999
2020-09-05,78.0,80.06
2020-09-06,81.0,82.04
2020-09-07,82.0,78.98
2020-09-08,86.0,84.02
2020-09-09,85.0,80.96
2020-09-10,78.0,82.04
2020-09-11,78.0,75.92
2020-09-12,73.0,73.94
2020-09-13,77.0,73.94
2020-09-14,80.0,75.02
2020-09-15,69.0,66.02
2020-09-16,75.0,71.06
2020-09-17,79.0,75.02
2020-09-18,71.0,69.98
2020-09-19,66.0,62.96
2020-09-20,64.0,64.94
2020-09-21,67.0,64.94
2020-09-22,73.0,71.06
2020-09-23,79.0,78.98
2020-09-24,80.0,75.02
2020-09-25,80.0,77.0
2020-09-26,76.0,73.94
2020-09-27,79.0,78.98
2020-09-28,80.0,77.0
2020-09-29,76.0,73.94
2020-09-30,71.0,71.06
2020-10-01,75.0,71.96
2020-10-02,62.0,64.94
2020-10-03,67.0,66.02
2020-10-04,68.0,66.92
2020-10-05,68.0,69.98
2020-10-06,71.0,69.08
2020-10-07,75.0,73.94
2020-10-08,64.0,64.04
2020-10-09,70.0,69.08
2020-10-10,76.0,71.06
2020-10-11,65.0,66.92
2020-10-12,54.0,57.02
2020-10-13,65.0,57.92
2020-10-14,70.0,66.92
2020-10-15,74.0,71.06
2020-10-16,59.0,66.02
2020-10-17,58.0,59.0
2020-10-18,64.0,62.06
2020-10-19,67.0,64.94
2020-10-20,71.0,71.06
2020-10-21,73.0,68.0
2020-10-22,74.0,68.0
2020-10-23,71.0,69.08
2020-10-24,71.0,69.08
2020-10-25,53.0,53.06
2020-10-26,59.0,59.0
2020-10-27,58.0,59.0
2020-10-28,61.0,57.02
2020-10-29,50.0,55.94
2020-10-30,40.0,46.94
2020-10-31,47.0,46.04
2020-11-01,56.0,55.04
2020-11-02,45.0,44.06
2020-11-03,52.0,53.06
2020-11-04,62.0,62.06
2020-11-05,67.0,66.92
2020-11-06,70.0,69.98
2020-11-07,73.0,73.94
2020-11-08,74.0,75.02
2020-11-09,75.0,75.02
2020-11-10,73.0,73.94
2020-11-11,73.0,71.96
2020-11-12,58.0,68.0
2020-11-13,55.0,50.0
2020-11-14,53.0,51.98
2020-11-15,57.0,64.04
2020-11-16,54.0,55.04
2020-11-17,47.0,50.0
2020-11-18,39.0,35.96
2020-11-19,48.0,48.02
2020-11-20,58.0,62.96
2020-11-21,60.0,64.04
2020-11-22,54.0,59.0
2020-11-23,56.0,60.08
2020-11-24,49.0,48.02
2020-11-25,57.0,55.94
2020-11-26,63.0,64.94
2020-11-27,60.0,62.96
2020-11-28,58.0,55.94
2020-11-29,55.0,53.96
2020-11-30,60.0,62.96
2020-12-01,54.0,62.06
2020-12-02,47.0,42.98
2020-12-03,51.0,50.0
2020-12-04,52.0,51.98
2020-12-05,47.0,46.94
2020-12-06,43.0,39.92
2020-12-07,41.0,39.92
2020-12-08,40.0,35.96
2020-12-09,42.0,37.94
2020-12-10,52.0,48.92
2020-12-11,54.0,57.02
2020-12-12,57.0,57.92
2020-12-13,62.0,62.06
2020-12-14,43.0,46.94
2020-12-15,40.0,39.02
2020-12-16,34.0,31.1
2020-12-17,30.0,33.08
2020-12-18,34.0,32.0
2020-12-19,34.0,32.0
2020-12-20,38.0,39.92
2020-12-21,44.0,46.04
2020-12-22,45.0,46.04
2020-12-23,44.0,44.96
2020-12-24,58.0,59.0
2020-12-25,52.0,60.98
2020-12-26,33.0,32.0
2020-12-27,39.0,37.04
2020-12-28,50.0,50.0
2020-12-29,41.0,42.98
2020-12-30,43.0,42.98
2020-12-31,49.0,48.02
2021-01-01,42.0,39.92
2021-01-02,59.0,51.08
2021-01-03,41.0,37.94
2021-01-04,43.0,42.98
2021-01-05,42.0,42.08
2021-01-06,43.0,41.0
2021-01-07,45.0,41.0
2021-01-08,43.0,37.04
2021-01-09,39.0,37.04
2021-01-10,43.0,41.0
2021-01-11,43.0,37.04
2021-01-12,44.0,44.06
2021-01-13,45.0,42.98
2021-01-14,47.0,48.92
2021-01-15,46.0,46.04
2021-01-16,52.0,46.94
2021-01-17,46.0,44.06
2021-01-18,47.0,44.96
2021-01-19,44.0,42.98
2021-01-20,42.0,39.92
2021-01-21,44.0,42.98
2021-01-22,46.0,44.96
2021-01-23,35.0,35.96
2021-01-24,34.0,32.0
2021-01-25,38.0,37.04
2021-01-26,39.0,33.98
2021-01-27,40.0,37.04
2021-01-28,34.0,33.98
2021-01-29,25.0,25.16
2021-01-30,28.0,32.0
2021-01-31,28.0,26.24
2021-02-01,33.0,33.98
2021-02-02,37.0,33.08
2021-02-03,38.0,37.04
2021-02-04,43.0,42.98
2021-02-05,45.0,46.94
2021-02-06,46.0,44.06
2021-02-07,38.0,39.92
2021-02-08,27.0,29.12
2021-02-09,37.0,33.08
2021-02-10,32.0,35.06
2021-02-11,34.0,33.08
2021-02-12,27.0,30.2
2021-02-13,28.0,30.2
2021-02-14,38.0,37.94
2021-02-15,36.0,35.96
2021-02-16,48.0,51.08
2021-02-17,31.0,33.98
2021-02-18,30.0,30.2
2021-02-19,36.0,33.08
2021-02-20,34.0,35.06
2021-02-21,36.0,37.04
2021-02-22,43.0,39.02
2021-02-23,43.0,44.96
2021-02-24,49.0,53.96
2021-02-25,47.0,50.0
2021-02-26,46.0,44.96
2021-02-27,52.0,50.0
2021-02-28,46.0,44.96
2021-03-01,50.0,48.92
2021-03-02,36.0,33.08
2021-03-03,49.0,51.98
2021-03-04,47.0,44.96
2021-03-05,37.0,37.04
2021-03-06,36.0,33.98
2021-03-07,39.0,41.0
2021-03-08,40.0,42.98
2021-03-09,60.0,64.04
2021-03-10,56.0,53.96
2021-03-11,65.0,71.06
2021-03-12,62.0,68.0
2021-03-13,49.0,51.98
2021-03-14,53.0,53.96
2021-03-15,37.0,39.02
2021-03-16,43.0,37.04
2021-03-17,52.0,46.94
2021-03-18,49.0,46.94
2021-03-19,43.0,42.98
2021-03-20,57.0,59.0
2021-03-21,61.0,62.96
2021-03-22,63.0,62.06
2021-03-23,63.0,66.02
2021-03-24,58.0,55.94
2021-03-25,68.0,68.0
2021-03-26,71.0,82.04
2021-03-27,66.0,69.08
2021-03-28,60.0,60.08
2021-03-29,57.0,55.04
2021-03-30,64.0,60.98
2021-03-31,65.0,66.92
2021-04-01,49.0,57.92
2021-04-02,42.0,39.02
2021-04-03,51.0,53.06
2021-04-04,58.0,64.94
2021-04-05,65.0,68.0
2021-04-06,66.0,69.98
2021-04-07,63.0,71.96
2021-04-08,64.0,69.98
2021-04-09,62.0,59.0
2021-04-10,65.0,69.98
2021-04-11,59.0,57.02
2021-04-12,50.0,51.08
2021-04-13,61.0,64.94
2021-04-14,65.0,71.96
2021-04-15,57.0,57.92
2021-04-16,53.0,53.06
2021-04-17,55.0,55.94
2021-04-18,60.0,64.04
2021-04-19,65.0,64.94
2021-04-20,68.0,75.92
2021-04-21,60.0,68.0
2021-04-22,51.0,48.02
2021-04-23,61.0,64.04
2021-04-24,68.0,71.96
2021-04-25,58.0,62.96
2021-04-26,60.0,60.08
2021-04-27,65.0,64.04
2021-04-28,79.0,84.91999999999999
2021-04-29,69.0,75.02
2021-04-30,68.0,71.06
2021-05-01,64.0,64.94
2021-05-02,73.0,82.04
2021-05-03,65.0,66.02
2021-05-04,67.0,73.04
2021-05-05,61.0,62.06
2021-05-06,65.0,66.02
2021-05-07,64.0,66.02
2021-05-08,53.0,55.04
2021-05-09,57.0,64.94
2021-05-10,60.0,60.08
2021-05-11,64.0,66.92
2021-05-12,64.0,68.0
2021-05-13,68.0,71.96
2021-05-14,73.0,75.92
2021-05-15,73.0,78.98
2021-05-16,71.0,75.02
2021-05-17,75.0,78.08
2021-05-18,78.0,82.04
2021-05-19,83.0,86.0
2021-05-20,75.0,75.92
2021-05-21,76.0,78.98
2021-05-22,87.0,89.06
2021-05-23,87.0,87.98
2021-05-24,67.0,68.0
2021-05-25,70.0,73.04
2021-05-26,83.0,86.0
2021-05-27,82.0,80.96
2021-05-28,60.0,69.08
2021-05-29,49.0,51.08
2021-05-30,50.0,51.08
2021-05-31,67.0,69.98
2021-06-01,76.0,75.92
2021-06-02,74.0,75.02
2021-06-03,69.0,73.94
2021-06-04,75.0,78.08
2021-06-05,90.0,89.06
2021-06-06,91.0,91.94
2021-06-07,88.0,91.04
2021-06-08,85.0,89.96000000000001
2021-06-09,87.0,89.96000000000001
2021-06-10,81.0,84.02
2021-06-11,73.0,69.08
2021-06-12,70.0,69.08
2021-06-13,75.0,75.92
2021-06-14,73.0,73.04
2021-06-15,79.0,80.06
2021-06-16,79.0,77.0
2021-06-17,77.0,78.08
2021-06-18,82.0,84.02
2021-06-19,87.0,87.98
2021-06-20,85.0,86.0
2021-06-21,86.0,86.0
2021-06-22,68.0,78.08
2021-06-23,75.0,75.92
2021-06-24,75.0,77.0
2021-06-25,78.0,80.96
2021-06-26,83.0,82.94
2021-06-27,86.0,89.96000000000001
2021-06-28,89.0,91.94
2021-06-29,92.0,95.0
2021-06-30,92.0,98.06
2021-07-01,79.0,84.02
2021-07-02,76.0,78.98
2021-07-03,64.0,66.02
2021-07-04,76.0,78.98
2021-07-05,83.0,82.94
2021-07-06,90.0,91.94
2021-07-07,91.0,91.04
2021-07-08,84.0,84.02
2021-07-09,80.0,84.91999999999999
2021-07-10,81.0,80.96
2021-07-11,81.0,78.08
2021-07-12,78.0,86.0
2021-07-13,78.0,71.96
2021-07-14,88.0,87.08000000000001
2021-07-15,88.0,89.06
2021-07-16,92.0,91.04
2021-07-17,88.0,91.04
2021-07-18,84.0,84.02
2021-07-19,81.0,80.96
2021-07-20,90.0,86.0
2021-07-21,85.0,80.06
2021-07-22,82.0,80.96
2021-07-23,82.0,82.94
2021-07-24,82.0,84.02
2021-07-25,82.0,82.94
2021-07-26,90.0,87.98
2021-07-27,91.0,89.06
2021-07-28,82.0,80.96
2021-07-29,76.0,77.0
2021-07-30,83.0,82.04
2021-07-31,78.0,77.0
2021-08-01,77.0,77.0
2021-08-02,82.0,80.06
2021-08-03,78.0,78.98
2021-08-04,76.0,75.92
2021-08-05,79.0,80.96
2021-08-06,88.0,87.98
2021-08-07,86.0,87.08000000000001
2021-08-08,76.0,77.0
2021-08-09,80.0,80.96
2021-08-10,85.0,84.02
2021-08-11,91.0,89.06
2021-08-12,95.0,93.02
2021-08-13,96.0,93.92
2021-08-14,89.0,87.98
2021-08-15,83.0,82.94
2021-08-16,82.0,82.94
2021-08-17,78.0,80.96
2021-08-18,81.0,82.94
2021-08-19,85.0,84.91999999999999
2021-08-20,82.0,82.04
2021-08-21,85.0,82.04
2021-08-22,76.0,75.92
2021-08-23,79.0,82.94
2021-08-24,90.0,89.06
2021-08-25,92.0,91.04
2021-08-26,92.0,91.04
2021-08-27,90.0,93.02
2021-08-28,74.0,80.06
2021-08-29,78.0,75.92
2021-08-30,85.0,84.91999999999999
2021-08-31,86.0,82.94
2021-09-01,75.0,78.08
2021-09-02,77.0,77.0
2021-09-03,74.0,73.94
2021-09-04,78.0,78.98
2021-09-05,75.0,73.94
2021-09-06,84.0,80.96
2021-09-07,81.0,78.98
2021-09-08,83.0,82.04
2021-09-09,72.0,75.92
2021-09-10,77.0,73.94
2021-09-11,77.0,75.92
2021-09-12,82.0,80.96
2021-09-13,84.0,82.94
2021-09-14,80.0,80.06
2021-09-15,86.0,84.91999999999999
2021-09-16,77.0,75.92
2021-09-17,78.0,75.02
2021-09-18,84.0,84.02
2021-09-19,78.0,75.92
2021-09-20,76.0,75.02
2021-09-21,76.0,75.92
2021-09-22,81.0,78.98
2021-09-23,78.0,78.98
2021-09-24,71.0,71.96
2021-09-25,75.0,75.02
2021-09-26,75.0,71.06
2021-09-27,79.0,78.08
2021-09-28,76.0,71.06
2021-09-29,70.0,68.0
2021-09-30,67.0,64.94
2021-10-01,69.0,66.92
2021-10-02,75.0,73.94
2021-10-03,78.0,77.0
2021-10-04,71.0,73.04
2021-10-05,67.0,64.94
2021-10-06,72.0,69.08
2021-10-07,77.0,73.04
2021-10-08,76.0,75.92
2021-10-09,66.0,66.92
2021-10-10,66.0,66.02
2021-10-11,72.0,71.06
2021-10-12,74.0,69.08
2021-10-13,76.0,69.08
2021-10-14,79.0,75.92
2021-10-15,79.0,78.98
2021-10-16,77.0,75.92
2021-10-17,65.0,60.98
2021-10-18,59.0,57.92
2021-10-19,66.0,66.02
2021-10-20,75.0,75.02
2021-10-21,76.0,73.04
2021-10-22,69.0,69.08
2021-10-23,62.0,59.0
2021-10-24,61.0,59.0
2021-10-25,71.0,73.04
2021-10-26,62.0,62.96
2021-10-27,62.0,60.98
2021-10-28,59.0,57.02
2021-10-29,55.0,55.94
2021-10-30,63.0,64.04
2021-10-31,65.0,62.96
2021-11-01,62.0,57.92
2021-11-02,57.0,53.06
2021-11-03,53.0,51.08
2021-11-04,51.0,50.0
2021-11-05,51.0,51.08
2021-11-06,54.0,51.98
2021-11-07,57.0,53.06
2021-11-08,63.0,62.96
2021-11-09,68.0,68.0
2021-11-10,67.0,64.04
2021-11-11,61.0,60.98
2021-11-12,67.0,64.94
2021-11-13,62.0,62.06
2021-11-14,49.0,48.02
2021-11-15,48.0,46.94
2021-11-16,49.0,48.92
2021-11-17,54.0,57.02
2021-11-18,64.0,69.08
2021-11-19,48.0,48.02
2021-11-20,49.0,46.94
2021-11-21,54.0,55.94
2021-11-22,53.0,55.04
2021-11-23,43.0,42.08
2021-11-24,46.0,44.96
2021-11-25,53.0,55.94
2021-11-26,49.0,46.94
2021-11-27,43.0,39.02
2021-11-28,45.0,41.0
2021-11-29,44.0,44.96
2021-11-30,43.0,41.0
2021-12-01,47.0,48.92
2021-12-02,58.0,57.92
2021-12-03,48.0,48.02
2021-12-04,49.0,48.02
2021-12-05,48.0,48.92
2021-12-06,59.0,60.98
2021-12-07,44.0,42.98
2021-12-08,43.0,42.08
2021-12-09,41.0,39.02
2021-12-10,51.0,50.0
2021-12-11,62.0,66.02
2021-12-12,50.0,55.94
2021-12-13,54.0,53.06
2021-12-14,53.0,53.06
2021-12-15,54.0,57.02
2021-12-16,64.0,62.06
2021-12-17,62.0,60.08
2021-12-18,46.0,48.02
2021-12-19,42.0,44.96
2021-12-20,40.0,37.04
2021-12-21,45.0,42.98
2021-12-22,48.0,46.94
2021-12-23,39.0,35.96
2021-12-24,45.0,39.92
2021-12-25,48.0,51.98
2021-12-26,51.0,51.08
2021-12-27,37.0,39.02
2021-12-28,53.0,46.94
2021-12-29,50.0,44.06
2021-12-30,53.0,48.92
2021-12-31,57.0,55.04
2022-01-01,56.0,55.94
2022-01-02,57.0,59.0
2022-01-03,34.0,37.04
2022-01-04,37.0,33.98
2022-01-05,50.0,46.94
2022-01-06,41.0,41.0
2022-01-07,37.0,33.98
2022-01-08,34.0,30.2
2022-01-09,43.0,39.92
2022-01-10,33.0,39.92
2022-01-11,22.0,24.26
2022-01-12,41.0,39.92
2022-01-13,47.0,48.02
2022-01-14,46.0,42.98
2022-01-15,25.0,21.2
2022-01-16,38.0,37.04
2022-01-17,43.0,44.06
2022-01-18,39.0,35.96
2022-01-19,47.0,48.92
2022-01-20,34.0,46.04
2022-01-21,25.0,22.1
2022-01-22,29.0,29.12
2022-01-23,36.0,37.04
2022-01-24,34.0,35.96
2022-01-25,43.0,42.08
2022-01-26,29.0,28.22
2022-01-27,32.0,32.0
2022-01-28,36.0,32.0
2022-01-29,25.0,29.12
2022-01-30,24.0,26.24
2022-01-31,31.0,31.1
2022-02-01,37.0,35.96
2022-02-02,47.0,46.94
2022-02-03,46.0,51.98
2022-02-04,40.0,57.02
2022-02-05,32.0,27.14
2022-02-06,32.0,30.2
2022-02-07,41.0,37.04
2022-02-08,47.0,44.96
2022-02-09,47.0,46.04
2022-02-10,53.0,53.96
2022-02-11,55.0,57.02
2022-02-12,57.0,59.0
2022-02-13,37.0,42.08
2022-02-14,29.0,25.16
2022-02-15,31.0,30.2
2022-02-16,47.0,48.92
2022-02-17,61.0,68.0
2022-02-18,48.0,62.96
2022-02-19,44.0,39.92
2022-02-20,38.0,35.96
2022-02-21,54.0,55.04
2022-02-22,52.0,60.98
2022-02-23,65.0,68.0
2022-02-24,41.0,35.06
2022-02-25,41.0,41.0
2022-02-26,37.0,37.04
2022-02-27,47.0,48.02
2022-02-28,35.0,35.96
2022-03-01,49.0,48.02
2022-03-02,50.0,51.98
2022-03-03,46.0,48.02
2022-03-04,40.0,37.04
2022-03-05,49.0,46.04
2022-03-06,64.0,68.0
2022-03-07,65.0,73.94
2022-03-08,50.0,50.0
2022-03-09,43.0,41.0
2022-03-10,50.0,51.08
2022-03-11,55.0,55.04
2022-03-12,42.0,48.02
2022-03-13,37.0,35.06
2022-03-14,54.0,55.94
2022-03-15,62.0,68.0
2022-03-16,64.0,66.92
2022-03-17,56.0,53.06
2022-03-18,71.0,73.94
2022-03-19,66.0,69.98
2022-03-20,62.0,60.98
2022-03-21,62.0,62.06
2022-03-22,59.0,57.92
2022-03-23,51.0,48.92
2022-03-24,54.0,46.94
2022-03-25,62.0,60.08
2022-03-26,54.0,53.06
2022-03-27,50.0,46.04
2022-03-28,37.0,33.08
2022-03-29,42.0,37.94
2022-03-30,49.0,46.94
2022-03-31,62.0,66.02
2022-04-01,57.0,60.98
2022-04-02,54.0,53.96
2022-04-03,48.0,48.02
2022-04-04,55.0,53.96
2022-04-05,55.0,57.02
2022-04-06,51.0,53.06
2022-04-07,52.0,53.96
2022-04-08,63.0,64.94
2022-04-09,57.0,55.04
2022-04-10,54.0,50.0
2022-04-11,59.0,60.98
2022-04-12,69.0,71.96
2022-04-13,70.0,71.06
2022-04-14,76.0,78.98
2022-04-15,69.0,69.98
2022-04-16,66.0,73.04
2022-04-17,53.0,51.08
2022-04-18,51.0,53.96
2022-04-19,51.0,50.0
2022-04-20,56.0,60.08
2022-04-21,61.0,59.0
2022-04-22,66.0,69.98
2022-04-23,62.0,64.94
2022-04-24,59.0,62.96
2022-04-25,60.0,57.92
2022-04-26,61.0,60.08
2022-04-27,57.0,57.92
2022-04-28,56.0,57.92
2022-04-29,61.0,62.96
2022-04-30,64.0,68.0
2022-05-01,66.0,69.08
2022-05-02,60.0,55.94
2022-05-03,63.0,62.06
2022-05-04,59.0,64.94
2022-05-05,70.0,73.94
2022-05-06,57.0,60.98
2022-05-07,51.0,50.0
2022-05-08,58.0,57.92
2022-05-09,67.0,69.98
2022-05-10,65.0,73.04
2022-05-11,67.0,75.02
2022-05-12,70.0,75.02
2022-05-13,71.0,71.96
2022-05-14,71.0,71.96
2022-05-15,74.0,75.92
2022-05-16,74.0,75.02
2022-05-17,77.0,77.0
2022-05-18,71.0,71.96
2022-05-19,64.0,66.02
2022-05-20,76.0,69.08
2022-05-21,91.0,89.96000000000001
2022-05-22,88.0,89.06
2022-05-23,74.0,73.04
2022-05-24,68.0,66.92
2022-05-25,69.0,69.98
2022-05-26,69.0,69.98
2022-05-27,74.0,80.06
2022-05-28,74.0,73.94
2022-05-29,78.0,77.0
2022-05-30,85.0,84.02
2022-05-31,93.0,93.02
2022-06-01,70.0,71.96
2022-06-02,75.0,78.98
2022-06-03,78.0,75.92
2022-06-04,82.0,80.06
2022-06-05,77.0,77.0
2022-06-06,80.0,80.06
2022-06-07,76.0,78.08
2022-06-08,82.0,82.04
2022-06-09,80.0,80.96
2022-06-10,81.0,77.0
2022-06-11,78.0,73.94
2022-06-12,75.0,71.96
2022-06-13,87.0,84.91999999999999
2022-06-14,82.0,80.96
2022-06-15,81.0,82.94
2022-06-16,76.0,71.06
2022-06-17,91.0,87.98
2022-06-18,69.0,75.02
2022-06-19,74.0,73.04
2022-06-20,79.0,78.08
2022-06-21,79.0,80.06
2022-06-22,69.0,66.92
2022-06-23,71.0,73.94
2022-06-24,80.0,80.96
2022-06-25,88.0,89.96000000000001
2022-06-26,88.0,89.06
2022-06-27,78.0,77.0
2022-06-28,79.0,78.98
2022-06-29,83.0,84.02
2022-06-30,86.0,86.0
2022-07-01,89.0,91.04
2022-07-02,84.0,87.08000000000001
2022-07-03,85.0,87.98
2022-07-04,84.0,84.91999999999999
2022-07-05,81.0,87.08000000000001
2022-07-06,89.0,84.91999999999999
2022-07-07,81.0,84.02
2022-07-08,84.0,82.94
2022-07-09,84.0,84.91999999999999
2022-07-10,80.0,82.94
2022-07-11,84.0,84.91999999999999
2022-07-12,86.0,89.96000000000001
2022-07-13,89.0,91.04
2022-07-14,87.0,89.96000000000001
2022-07-15,83.0,86.0
2022-07-16,84.0,84.91999999999999
2022-07-17,85.0,82.94
2022-07-18,83.0,80.96
2022-07-19,93.0,89.96000000000001
2022-07-20,94.0,95.0
2022-07-21,95.0,91.94
2022-07-22,93.0,93.92
2022-07-23,94.0,95.0
2022-07-24,94.0,95.0
2022-07-25,89.0,86.0
2022-07-26,84.0,80.96
2022-07-27,85.0,84.91999999999999
2022-07-28,89.0,87.08000000000001
2022-07-29,87.0,84.91999999999999
2022-07-30,88.0,87.08000000000001
2022-07-31,85.0,86.0
2022-08-01,76.0,77.0
2022-08-02,90.0,89.96000000000001
2022-08-03,88.0,89.06
2022-08-04,94.0,93.02
2022-08-05,91.0,89.06
2022-08-06,90.0,91.94
2022-08-07,90.0,91.94
2022-08-08,91.0,93.02
2022-08-09,92.0,96.98
2022-08-10,84.0,87.08000000000001
2022-08-11,85.0,89.06
2022-08-12,84.0,84.91999999999999
2022-08-13,80.0,78.98
2022-08-14,83.0,82.04
2022-08-15,82.0,82.94
2022-08-16,82.0,82.94
2022-08-17,76.0,80.96
2022-08-18,84.0,87.08000000000001
2022-08-19,88.0,89.96000000000001
2022-08-20,86.0,89.96000000000001
2022-08-21,86.0,82.04
2022-08-22,78.0,78.98
2022-08-23,84.0,86.0
2022-08-24,88.0,89.96000000000001
2022-08-25,89.0,91.04
2022-08-26,88.0,87.08000000000001
2022-08-27,86.0,89.96000000000001
2022-08-28,82.0,82.04
2022-08-29,86.0,84.91999999999999
2022-08-30,88.0,89.06
2022-08-31,86.0,84.91999999999999
2022-09-01,85.0,86.0
2022-09-02,78.0,78.98
2022-09-03,80.0,82.04
2022-09-04,83.0,89.96000000000001
2022-09-05,78.0,87.98
2022-09-06,71.0,73.94
2022-09-07,75.0,71.96
2022-09-08,79.0,78.08
2022-09-09,81.0,80.06
2022-09-10,84.0,86.0
2022-09-11,74.0,75.92
2022-09-12,80.0,80.96
2022-09-13,81.0,82.04
2022-09-14,81.0,80.06
2022-09-15,75.0,73.94
2022-09-16,76.0,75.02
2022-09-17,75.0,75.92
2022-09-18,83.0,82.94
2022-09-19,82.0,84.91999999999999
2022-09-20,81.0,78.98
2022-09-21,80.0,80.06
2022-09-22,72.0,75.02
2022-09-23,65.0,62.96
2022-09-24,71.0,69.08
2022-09-25,74.0,71.96
2022-09-26,75.0,73.94
2022-09-27,74.0,69.98
2022-09-28,70.0,69.08
2022-09-29,68.0,66.02
2022-09-30,66.0,62.06
2022-10-01,56.0,60.98
2022-10-02,57.0,60.08
2022-10-03,58.0,53.06
2022-10-04,53.0,55.04
2022-10-05,61.0,59.0
2022-10-06,72.0,73.94
2022-10-07,75.0,75.92
2022-10-08,60.0,57.92
2022-10-09,62.0,60.98
2022-10-10,66.0,66.92
2022-10-11,70.0,69.98
2022-10-12,72.0,69.98
2022-10-13,68.0,69.08
2022-10-14,68.0,66.92
2022-10-15,70.0,68.0
2022-10-16,67.0,64.04
2022-10-17,63.0,66.02
2022-10-18,58.0,55.94
2022-10-19,54.0,53.96
2022-10-20,59.0,57.92
2022-10-21,63.0,62.06
2022-10-22,68.0,66.02
2022-10-23,61.0,60.98
2022-10-24,63.0,60.98
2022-10-25,69.0,69.98
2022-10-26,71.0,71.96
2022-10-27,65.0,64.94
2022-10-28,58.0,55.94
2022-10-29,61.0,57.92
2022-10-30,63.0,62.96
2022-10-31,66.0,64.94
2022-11-01,68.0,66.92
2022-11-02,69.0,69.98
2022-11-03,70.0,66.92
2022-11-04,70.0,69.98
2022-11-05,75.0,75.92
2022-11-06,77.0,75.02
2022-11-07,75.0,77.0
2022-11-08,57.0,57.92
2022-11-09,56.0,53.06
2022-11-10,64.0,66.02
2022-11-11,68.0,68.0
2022-11-12,72.0,69.08
2022-11-13,54.0,60.98
2022-11-14,46.0,44.96
2022-11-15,45.0,46.04
2022-11-16,49.0,50.0
2022-11-17,45.0,46.04
2022-11-18,43.0,44.06
2022-11-19,42.0,39.92
2022-11-20,39.0,39.92
2022-11-21,43.0,41.0
2022-11-22,49.0,51.08
2022-11-23,53.0,55.04
2022-11-24,54.0,53.96
2022-11-25,52.0,55.04
2022-11-26,54.0,57.02
2022-11-27,55.0,60.08
2022-11-28,54.0,53.96
2022-11-29,47.0,44.06
2022-11-30,55.0,57.92
2022-12-01,45.0,42.98
2022-12-02,47.0,46.94
2022-12-03,57.0,57.92
2022-12-04,45.0,44.96
2022-12-05,50.0,48.02
2022-12-06,54.0,57.92
2022-12-07,60.0,59.0
2022-12-08,55.0,55.04
2022-12-09,47.0,44.96
2022-12-10,42.0,39.02
2022-12-11,41.0,39.92
2022-12-12,40.0,37.94
2022-12-13,41.0,39.92
2022-12-14,39.0,39.02
2022-12-15,39.0,42.08
2022-12-16,48.0,44.06
2022-12-17,44.0,44.06
2022-12-18,41.0,39.92
2022-12-19,39.0,39.02
2022-12-20,40.0,39.02
2022-12-21,40.0,39.92
2022-12-22,46.0,46.94
2022-12-23,48.0,57.92
2022-12-24,18.0,15.259999999999998
2022-12-25,28.0,28.22
2022-12-26,31.0,29.12
2022-12-27,36.0,35.06
2022-12-28,46.0,46.94
2022-12-29,49.0,51.08
2022-12-30,56.0,62.06
2022-12-31,55.0,55.04
2023-01-01,55.0,55.04
2023-01-02,55.0,55.94
2023-01-03,56.0,57.92
2023-01-04,64.0,66.02
2023-01-05,57.0,50.0
2023-01-06,48.0,48.92
2023-01-07,47.0,44.96
2023-01-08,43.0,41.0
2023-01-09,46.0,44.06
2023-01-10,45.0,41.0
2023-01-11,42.0,39.02
2023-01-12,51.0,55.04
2023-01-13,57.0,57.02
2023-01-14,39.0,37.94
2023-01-15,43.0,41.0
2023-01-16,47.0,48.02
2023-01-17,50.0,46.94
2023-01-18,54.0,53.06
2023-01-19,44.0,44.06
2023-01-20,51.0,48.92
2023-01-21,45.0,42.08
2023-01-22,45.0,42.08
2023-01-23,43.0,39.02
2023-01-24,46.0,46.04
2023-01-25,47.0,53.96
2023-01-26,50.0,57.02
2023-01-27,45.0,44.06
2023-01-28,52.0,51.98
2023-01-29,54.0,53.06
2023-01-30,53.0,55.04
2023-01-31,42.0,50.0
2023-02-01,40.0,37.94
2023-02-02,44.0,39.92
2023-02-03,26.0,35.06
2023-02-04,25.0,27.14
2023-02-05,47.0,48.92
2023-02-06,51.0,51.98
2023-02-07,45.0,42.98
2023-02-08,56.0,53.06
2023-02-09,54.0,55.04
2023-02-10,60.0,60.98
2023-02-11,48.0,46.04
2023-02-12,51.0,48.02
2023-02-13,54.0,57.02
2023-02-14,54.0,53.96
2023-02-15,62.0,66.92
2023-02-16,64.0,69.98
2023-02-17,61.0,60.98
2023-02-18,44.0,42.98
2023-02-19,54.0,50.0
2023-02-20,58.0,60.98
2023-02-21,49.0,50.0
2023-02-22,46.0,44.06
2023-02-23,49.0,44.06
2023-02-24,47.0,44.96
2023-02-25,34.0,33.08
2023-02-26,48.0,50.0
2023-02-27,43.0,46.04
2023-02-28,44.0,37.94
2023-03-01,45.0,44.06
2023-03-02,56.0,53.96
2023-03-03,47.0,46.94
2023-03-04,48.0,44.96
2023-03-05,53.0,53.06
2023-03-06,54.0,51.98
2023-03-07,46.0,46.94
2023-03-08,46.0,48.02
2023-03-09,49.0,51.08
2023-03-10,49.0,46.04
2023-03-11,43.0,44.96
2023-03-12,48.0,48.02
2023-03-13,47.0,44.96
2023-03-14,43.0,37.94
2023-03-15,46.0,44.96
2023-03-16,55.0,59.0
2023-03-17,58.0,60.08
2023-03-18,53.0,55.94
2023-03-19,44.0,39.92
2023-03-20,52.0,51.08
2023-03-21,61.0,62.96
2023-03-22,62.0,62.06
2023-03-23,64.0,60.08
2023-03-24,55.0,55.04
2023-03-25,51.0,46.94
2023-03-26,61.0,62.96
2023-03-27,58.0,62.06
2023-03-28,52.0,51.98
2023-03-29,58.0,55.04
2023-03-30,48.0,46.04
2023-03-31,59.0,57.02
2023-04-01,66.0,71.96
2023-04-02,53.0,51.08
2023-04-03,59.0,59.0
2023-04-04,70.0,73.04
2023-04-05,57.0,57.02
2023-04-06,73.0,80.06
2023-04-07,60.0,60.08
2023-04-08,52.0,53.96
2023-04-09,56.0,57.02
2023-04-10,63.0,68.0
2023-04-11,72.0,75.02
2023-04-12,79.0,84.02
2023-04-13,85.0,89.96000000000001
2023-04-14,85.0,91.04
2023-04-15,70.0,75.02
2023-04-16,70.0,71.06
2023-04-17,67.0,68.0
2023-04-18,58.0,57.02
2023-04-19,61.0,64.04
2023-04-20,63.0,66.02
2023-04-21,69.0,71.06
2023-04-22,70.0,66.92
2023-04-23,64.0,69.08
2023-04-24,60.0,62.06
2023-04-25,61.0,60.08
2023-04-26,60.0,60.08
2023-04-27,58.0,57.02
2023-04-28,58.0,55.94
2023-04-29,53.0,53.06
2023-04-30,60.0,60.08
2023-05-01,62.0,60.98
2023-05-02,58.0,55.94
2023-05-03,58.0,57.02
2023-05-04,55.0,55.04
2023-05-05,60.0,66.02
2023-05-06,71.0,73.04
2023-05-07,74.0,78.08
2023-05-08,76.0,77.0
2023-05-09,68.0,71.06
2023-05-10,71.0,73.04
2023-05-11,79.0,80.06
2023-05-12,84.0,87.08000000000001
2023-05-13,82.0,82.04
2023-05-14,71.0,73.94
2023-05-15,73.0,73.94
2023-05-16,78.0,78.98
2023-05-17,65.0,69.08
2023-05-18,61.0,60.98
2023-05-19,67.0,69.98
2023-05-20,64.0,64.94
2023-05-21,74.0,69.98
2023-05-22,72.0,75.02
2023-05-23,70.0,69.98
2023-05-24,72.0,77.0
2023-05-25,68.0,68.0
2023-05-26,72.0,71.96
2023-05-27,76.0,78.08
2023-05-28,78.0,78.98
2023-05-29,76.0,78.98
2023-05-30,71.0,71.96
2023-05-31,77.0,77.0
2023-06-01,83.0,87.08000000000001
2023-06-02,83.0,91.04
2023-06-03,69.0,69.08
2023-06-04,67.0,69.08
2023-06-05,72.0,75.92
2023-06-06,79.0,78.98
2023-06-07,78.0,69.08
2023-06-08,74.0,71.96
2023-06-09,73.0,71.96
2023-06-10,78.0,78.08
2023-06-11,85.0,82.04
2023-06-12,79.0,78.08
2023-06-13,81.0,78.08
2023-06-14,78.0,75.92
2023-06-15,81.0,77.0
2023-06-16,78.0,78.98
2023-06-17,80.0,77.0
2023-06-18,80.0,80.06
2023-06-19,81.0,80.96
2023-06-20,78.0,78.08
2023-06-21,73.0,73.04
2023-06-22,64.0,71.96
2023-06-23,78.0,71.06
2023-06-24,80.0,78.08
2023-06-25,84.0,84.91999999999999
2023-06-26,80.0,78.08
2023-06-27,80.0,78.98
2023-06-28,80.0,82.04
2023-06-29,83.0,82.04
2023-06-30,85.0,84.02
2023-07-01,85.0,82.04
2023-07-02,79.0,87.98
2023-07-03,87.0,89.06
2023-07-04,86.0,82.94
2023-07-05,91.0,93.02
2023-07-06,91.0,89.96000000000001
2023-07-07,88.0,87.08000000000001
2023-07-08,85.0,87.98
2023-07-09,81.0,82.04
2023-07-10,83.0,84.02
2023-07-11,89.0,89.06
2023-07-12,91.0,91.04
2023-07-13,92.0,87.98
2023-07-14,87.0,84.02
2023-07-15,88.0,87.98
2023-07-16,81.0,78.08
2023-07-17,90.0,87.98
2023-07-18,87.0,84.02
2023-07-19,82.0,80.06
2023-07-20,86.0,87.98
2023-07-21,82.0,84.02
2023-07-22,85.0,84.91999999999999
2023-07-23,87.0,87.98
2023-07-24,86.0,84.91999999999999
2023-07-25,85.0,86.0
2023-07-26,88.0,87.08000000000001
2023-07-27,92.0,91.94
2023-07-28,92.0,91.94
2023-07-29,92.0,89.06
2023-07-30,81.0,80.06
2023-07-31,82.0,84.91999999999999
2023-08-01,78.0,82.04
2023-08-02,78.0,80.96
2023-08-03,79.0,80.06
2023-08-04,76.0,77.0
2023-08-05,85.0,87.08000000000001
2023-08-06,85.0,87.08000000000001
2023-08-07,78.0,80.96
2023-08-08,79.0,80.06
2023-08-09,86.0,86.0
2023-08-10,79.0,80.96
2023-08-11,86.0,84.91999999999999
2023-08-12,82.0,84.91999999999999
2023-08-13,88.0,87.98
2023-08-14,87.0,87.08000000000001
2023-08-15,80.0,80.06
2023-08-16,80.0,82.04
2023-08-17,82.0,78.98
2023-08-18,84.0,80.06
2023-08-19,79.0,78.08
2023-08-20,85.0,84.91999999999999
2023-08-21,88.0,87.98
2023-08-22,79.0,78.98
2023-08-23,77.0,80.06
2023-08-24,73.0,73.04
2023-08-25,75.0,78.08
2023-08-26,85.0,84.02
2023-08-27,82.0,84.02
2023-08-28,79.0,75.92
2023-08-29,79.0,80.06
2023-08-30,82.0,82.94
2023-08-31,77.0,77.0
2023-09-01,74.0,75.92
2023-09-02,78.0,78.98
2023-09-03,88.0,87.98
2023-09-04,90.0,89.06
2023-09-05,91.0,91.94
2023-09-06,93.0,93.02
2023-09-07,92.0,93.02
2023-09-08,87.0,89.96000000000001
2023-09-09,82.0,84.02
2023-09-10,79.0,77.0
2023-09-11,78.0,82.04
2023-09-12,82.0,82.04
2023-09-13,77.0,78.98
2023-09-14,77.0,77.0
2023-09-15,72.0,69.08
2023-09-16,77.0,75.02
2023-09-17,76.0,77.0
2023-09-18,69.0,68.0
2023-09-19,73.0,71.96
2023-09-20,74.0,73.94
2023-09-21,73.0,71.06
2023-09-22,70.0,71.06
2023-09-23,60.0,62.96
2023-09-24,63.0,66.02
2023-09-25,61.0,66.02
2023-09-26,60.0,60.08
2023-09-27,67.0,64.04
2023-09-28,64.0,64.94
2023-09-29,59.0,62.96
2023-09-30,65.0,66.02
2023-10-01,78.0,75.92
2023-10-02,79.0,77.0
2023-10-03,81.0,80.06
2023-10-04,84.0,82.94
2023-10-05,78.0,77.0
2023-10-06,75.0,71.06
2023-10-07,68.0,69.08
2023-10-08,62.0,59.0
2023-10-09,62.0,60.08
2023-10-10,66.0,62.96
2023-10-11,70.0,69.08
2023-10-12,72.0,69.08
2023-10-13,66.0,62.96
2023-10-14,54.0,55.94
2023-10-15,60.0,60.08
2023-10-16,60.0,62.96
2023-10-17,63.0,60.98
2023-10-18,64.0,62.96
2023-10-19,66.0,64.04
2023-10-20,66.0,62.96
2023-10-21,62.0,62.96
2023-10-22,56.0,57.02
2023-10-23,60.0,60.08
2023-10-24,66.0,64.94
2023-10-25,77.0,71.96
2023-10-26,81.0,77.0
2023-10-27,80.0,73.94
2023-10-28,81.0,80.06
2023-10-29,58.0,62.96
2023-10-30,62.0,60.08
2023-10-31,52.0,51.08
2023-11-01,49.0,48.92
2023-11-02,49.0,48.02
2023-11-03,56.0,55.04
2023-11-04,63.0,60.98
2023-11-05,64.0,64.94
2023-11-06,56.0,55.94
2023-11-07,69.0,64.04
2023-11-08,53.0,53.96
2023-11-09,60.0,57.02
2023-11-10,52.0,53.06
2023-11-11,53.0,55.04
2023-11-12,48.0,44.06
2023-11-13,49.0,48.92
2023-11-14,51.0,53.06
2023-11-15,53.0,53.06
2023-11-16,67.0,64.94
2023-11-17,68.0,66.92
2023-11-18,58.0,62.96
2023-11-19,56.0,55.04
2023-11-20,46.0,46.04
2023-11-21,45.0,48.02
2023-11-22,57.0,53.96
2023-11-23,53.0,51.98
2023-11-24,49.0,51.08
2023-11-25,41.0,39.92
2023-11-26,48.0,55.94
2023-11-27,52.0,55.94
2023-11-28,39.0,41.0
2023-11-29,39.0,37.94
2023-11-30,48.0,51.08
2023-12-01,54.0,51.08
2023-12-02,59.0,60.08
2023-12-03,51.0,53.06
2023-12-04,52.0,53.96
2023-12-05,46.0,42.98
2023-12-06,43.0,42.98
2023-12-07,41.0,39.02
2023-12-08,48.0,51.08
2023-12-09,56.0,59.0
2023-12-10,65.0,60.98
2023-12-11,48.0,50.0
2023-12-12,45.0,44.06
2023-12-13,45.0,46.94
2023-12-14,41.0,41.0
2023-12-15,55.0,57.92
2023-12-16,54.0,53.96
2023-12-17,55.0,59.0
2023-12-18,55.0,62.06
2023-12-19,42.0,44.06
2023-12-20,43.0,46.04
2023-12-21,42.0,42.08
2023-12-22,39.0,37.04
2023-12-23,43.0,44.06
2023-12-24,48.0,48.92
2023-12-25,53.0,48.92
2023-12-26,55.0,51.08
2023-12-27,53.0,50.0
2023-12-28,53.0,55.04
2023-12-29,55.0,55.04
2023-12-30,48.0,46.04
2023-12-31,45.0,42.98
2024-01-01,46.0,46.94
2024-01-02,43.0,42.08
2024-01-03,46.0,42.98
2024-01-04,43.0,44.96
2024-01-05,37.0,37.04
2024-01-06,39.0,37.94
2024-01-07,39.0,37.94
2024-01-08,42.0,44.96
2024-01-09,49.0,57.02
2024-01-10,52.0,57.02
2024-01-11,47.0,46.94
2024-01-12,45.0,50.0
2024-01-13,51.0,60.08
2024-01-14,39.0,44.06
2024-01-15,32.0,29.12
2024-01-16,33.0,32.0
2024-01-17,27.0,24.26
2024-01-18,32.0,33.98
2024-01-19,33.0,32.0
2024-01-20,26.0,26.24
2024-01-21,28.0,31.1
2024-01-22,37.0,37.94
2024-01-23,41.0,39.92
2024-01-24,45.0,48.02
2024-01-25,56.0,59.0
2024-01-26,52.0,46.04
2024-01-27,48.0,48.92
2024-01-28,41.0,44.06
2024-01-29,43.0,39.92
2024-01-30,39.0,37.94
2024-01-31,40.0,39.92
2024-02-01,49.0,46.04
2024-02-02,46.0,46.04
2024-02-03,43.0,42.98
2024-02-04,46.0,46.04
2024-02-05,47.0,44.96
2024-02-06,42.0,42.08
2024-02-07,45.0,48.02
2024-02-08,50.0,53.06
2024-02-09,54.0,55.04
2024-02-10,63.0,60.08
2024-02-11,54.0,55.94
2024-02-12,51.0,48.02
2024-02-13,42.0,41.0
2024-02-14,38.0,37.94
2024-02-15,38.0,39.02
2024-02-16,42.0,42.98
2024-02-17,42.0,35.96
2024-02-18,38.0,39.92
2024-02-19,42.0,41.0
2024-02-20,39.0,39.92
2024-02-21,40.0,42.98
2024-02-22,45.0,44.96
2024-02-23,50.0,46.94
2024-02-24,45.0,44.06
2024-02-25,40.0,41.0
2024-02-26,53.0,55.04
2024-02-27,62.0,55.04
2024-02-28,61.0,62.06
2024-02-29,45.0,42.98
2024-03-01,43.0,48.02
2024-03-02,50.0,55.04
2024-03-03,63.0,68.0
2024-03-04,59.0,59.0
2024-03-05,51.0,48.92
2024-03-06,56.0,53.06
2024-03-07,53.0,53.96
2024-03-08,54.0,57.02
2024-03-09,46.0,48.92
2024-03-10,50.0,51.08
2024-03-11,50.0,51.98
2024-03-12,62.0,66.02
2024-03-13,69.0,62.06
2024-03-14,72.0,73.94
2024-03-15,65.0,73.04
2024-03-16,60.0,60.98
2024-03-17,60.0,62.96
2024-03-18,52.0,51.08
2024-03-19,46.0,48.02
2024-03-20,55.0,57.02
2024-03-21,42.0,42.98
2024-03-22,41.0,46.04
2024-03-23,51.0,50.0
2024-03-24,44.0,48.02
2024-03-25,48.0,53.06
2024-03-26,47.0,53.06
2024-03-27,51.0,51.98
2024-03-28,52.0,51.08
2024-03-29,54.0,55.94
2024-03-30,55.0,62.06
2024-03-31,59.0,62.06
2024-04-01,58.0,53.96
2024-04-02,49.0,51.08
2024-04-03,46.0,44.96
2024-04-04,52.0,53.06
2024-04-05,55.0,50.0
2024-04-06,55.0,53.96
2024-04-07,56.0,60.08
2024-04-08,67.0,69.08
2024-04-09,75.0,80.06
2024-04-10,68.0,66.92
2024-04-11,65.0,60.98
2024-04-12,64.0,62.96
2024-04-13,57.0,55.94
2024-04-14,68.0,75.02
2024-04-15,79.0,82.04
2024-04-16,70.0,73.04
2024-04-17,63.0,62.06
2024-04-18,50.0,50.0
2024-04-19,57.0,60.08
2024-04-20,65.0,71.06
2024-04-21,58.0,53.96
2024-04-22,60.0,64.04
2024-04-23,65.0,64.94
2024-04-24,66.0,73.94
2024-04-25,55.0,60.08
2024-04-26,60.0,64.94
2024-04-27,60.0,64.04
2024-04-28,72.0,78.98
2024-04-29,81.0,87.08000000000001
2024-04-30,70.0,66.02
2024-05-01,74.0,80.06
2024-05-02,80.0,78.98
2024-05-03,66.0,64.94
2024-05-04,63.0,62.96
2024-05-05,56.0,53.96
2024-05-06,71.0,73.94
2024-05-07,79.0,80.06
2024-05-08,81.0,84.02
2024-05-09,73.0,69.98
2024-05-10,55.0,55.94
2024-05-11,63.0,64.04
2024-05-12,55.0,57.02
2024-05-13,68.0,64.94
2024-05-14,74.0,71.96
2024-05-15,65.0,64.04
2024-05-16,66.0,64.04
2024-05-17,73.0,71.96
2024-05-18,69.0,69.08
2024-05-19,72.0,75.02
2024-05-20,74.0,73.94
2024-05-21,80.0,82.94
2024-05-22,86.0,84.02
2024-05-23,81.0,78.98
2024-05-24,86.0,84.02
2024-05-25,82.0,80.96
2024-05-26,80.0,82.04
2024-05-27,74.0,73.04
2024-05-28,82.0,78.98
2024-05-29,76.0,75.92
2024-05-30,71.0,71.06
2024-05-31,76.0,75.02
2024-06-01,82.0,82.94
2024-06-02,84.0,80.96
2024-06-03,84.0,86.0
2024-06-04,83.0,78.98
2024-06-05,83.0,78.98
2024-06-06,81.0,80.96
2024-06-07,85.0,82.04
2024-06-08,81.0,75.92
2024-06-09,80.0,73.94
2024-06-10,78.0,75.02
2024-06-11,75.0,73.04
2024-06-12,78.0,75.92
2024-06-13,85.0,84.02
2024-06-14,82.0,84.91999999999999
2024-06-15,82.0,80.06
2024-06-16,77.0,78.08
2024-06-17,83.0,82.94
2024-06-18,87.0,86.0
2024-06-19,89.0,89.06
2024-06-20,90.0,91.04
2024-06-21,90.0,93.92
2024-06-22,89.0,93.02
2024-06-23,92.0,91.94
2024-06-24,82.0,80.06
2024-06-25,89.0,89.96000000000001
2024-06-26,90.0,93.02
2024-06-27,86.0,84.02
2024-06-28,77.0,78.98
2024-06-29,80.0,78.98
2024-06-30,85.0,84.91999999999999
2024-07-01,80.0,80.96
2024-07-02,83.0,86.0
2024-07-03,84.0,82.94
2024-07-04,83.0,89.06
2024-07-05,86.0,89.96000000000001
2024-07-06,89.0,91.94
2024-07-07,91.0,93.02
2024-07-08,92.0,95.0
2024-07-09,92.0,89.06
2024-07-10,88.0,91.04
2024-07-11,87.0,89.06
2024-07-12,82.0,84.02
2024-07-13,84.0,87.08000000000001
2024-07-14,90.0,89.96000000000001
2024-07-15,95.0,91.04
2024-07-16,95.0,93.92
2024-07-17,88.0,89.96000000000001
2024-07-18,88.0,86.0
2024-07-19,84.0,82.94
2024-07-20,84.0,82.94
2024-07-21,86.0,87.98
2024-07-22,82.0,84.02
2024-07-23,84.0,80.96
2024-07-24,77.0,80.96
2024-07-25,84.0,82.94
2024-07-26,83.0,84.02
2024-07-27,85.0,87.08000000000001
2024-07-28,85.0,89.06
2024-07-29,83.0,84.02
2024-07-30,87.0,87.98
2024-07-31,86.0,89.06
2024-08-01,93.0,95.0
2024-08-02,88.0,91.94
2024-08-03,90.0,93.02
2024-08-04,83.0,82.94
2024-08-05,91.0,89.96000000000001
2024-08-06,85.0,89.96000000000001
2024-08-07,73.0,71.96
2024-08-08,72.0,69.98
2024-08-09,81.0,80.06
2024-08-10,88.0,84.91999999999999
2024-08-11,83.0,80.06
2024-08-12,81.0,80.96
2024-08-13,81.0,80.96
2024-08-14,84.0,84.91999999999999
2024-08-15,86.0,86.0
2024-08-16,87.0,87.08000000000001
2024-08-17,82.0,78.98
2024-08-18,79.0,80.96
2024-08-19,82.0,84.02
2024-08-20,74.0,71.96
2024-08-21,72.0,73.04
2024-08-22,75.0,75.92
2024-08-23,80.0,80.06
2024-08-24,83.0,82.94
2024-08-25,84.0,84.91999999999999
2024-08-26,81.0,84.91999999999999
2024-08-27,85.0,86.0
2024-08-28,90.0,91.04
2024-08-29,76.0,82.04
2024-08-30,72.0,73.94
2024-08-31,80.0,77.0
2024-09-01,81.0,80.96
2024-09-02,80.0,78.98
2024-09-03,72.0,73.94
2024-09-04,75.0,77.0
2024-09-05,75.0,77.0
2024-09-06,76.0,78.08
2024-09-07,71.0,75.92
2024-09-08,71.0,69.08
2024-09-09,74.0,75.02
2024-09-10,77.0,78.08
2024-09-11,78.0,78.98
2024-09-12,79.0,80.06
2024-09-13,81.0,82.04
2024-09-14,81.0,82.94
2024-09-15,79.0,80.06
2024-09-16,76.0,77.0
2024-09-17,78.0,78.98
2024-09-18,78.0,75.02
2024-09-19,81.0,84.02
2024-09-20,77.0,80.96
2024-09-21,75.0,78.98
2024-09-22,73.0,73.94
2024-09-23,66.0,66.92
2024-09-24,67.0,68.0
2024-09-25,67.0,68.0
2024-09-26,72.0,73.94
2024-09-27,75.0,73.94
2024-09-28,71.0,68.0
2024-09-29,65.0,62.96
2024-09-30,72.0,71.96
2024-10-01,70.0,69.08
2024-10-02,67.0,68.0
2024-10-03,73.0,71.96
2024-10-04,73.0,73.04
2024-10-05,78.0,75.02
2024-10-06,72.0,71.06
2024-10-07,74.0,75.02
2024-10-08,70.0,68.0
2024-10-09,69.0,68.0
2024-10-10,62.0,62.06
2024-10-11,70.0,68.0
2024-10-12,75.0,73.94
2024-10-13,73.0,69.08
2024-10-14,60.0,66.02
2024-10-15,57.0,57.02
2024-10-16,57.0,59.0
2024-10-17,61.0,57.92
2024-10-18,69.0,66.02
2024-10-19,71.0,71.06
2024-10-20,77.0,73.04
2024-10-21,84.0,78.98
2024-10-22,84.0,80.96
2024-10-23,79.0,75.02
2024-10-24,69.0,69.08
2024-10-25,67.0,62.06
2024-10-26,65.0,64.04
2024-10-27,59.0,57.02
2024-10-28,59.0,60.98
2024-10-29,64.0,62.96
2024-10-30,76.0,75.92
2024-10-31,85.0,80.96
2024-11-01,76.0,78.98
2024-11-02,62.0,60.08
2024-11-03,57.0,53.96
2024-11-04,58.0,57.92
2024-11-05,73.0,73.04
2024-11-06,76.0,80.06
2024-11-07,74.0,73.04
2024-11-08,71.0,69.08
2024-11-09,57.0,53.96
2024-11-10,59.0,57.92
2024-11-11,67.0,68.0
2024-11-12,55.0,59.0
2024-11-13,50.0,50.0
2024-11-14,49.0,46.94
2024-11-15,60.0,57.92
2024-11-16,61.0,62.06
2024-11-17,65.0,62.96
2024-11-18,67.0,66.02
2024-11-19,61.0,60.08
2024-11-20,62.0,60.08
2024-11-21,50.0,53.96
2024-11-22,42.0,39.92
2024-11-23,49.0,48.92
2024-11-24,52.0,53.06
2024-11-25,54.0,53.96
2024-11-26,57.0,57.92
2024-11-27,53.0,51.98
2024-11-28,51.0,48.92
2024-11-29,47.0,46.94
2024-11-30,40.0,39.02
2024-12-01,39.0,37.94
2024-12-02,40.0,39.02
2024-12-03,41.0,42.08
2024-12-04,41.0,42.08
2024-12-05,41.0,39.92
2024-12-06,34.0,33.98
2024-12-07,39.0,41.0
2024-12-08,49.0,55.04
2024-12-09,52.0,51.08
2024-12-10,51.0,50.0
2024-12-11,65.0,60.08
2024-12-12,38.0,41.0
2024-12-13,34.0,33.08
2024-12-14,34.0,33.98
2024-12-15,38.0,41.0
2024-12-16,47.0,51.98
2024-12-17,58.0,59.0
2024-12-18,54.0,53.06
2024-12-19,43.0,44.96
2024-12-20,41.0,37.04
2024-12-21,33.0,33.08
2024-12-22,24.0,21.2
2024-12-23,27.0,31.1
2024-12-24,40.0,39.02
2024-12-25,38.0,35.06
2024-12-26,39.0,35.96
2024-12-27,42.0,44.06
2024-12-28,48.0,53.96
2024-12-29,61.0,60.08
2024-12-30,58.0,57.92
2024-12-31,54.0,53.06
2025-01-01,49.0,51.08
2025-01-02,43.0,42.98
2025-01-03,39.0,39.02
2025-01-04,36.0,33.08
2025-01-05,34.0,33.08
2025-01-06,35.0,30.2
2025-01-07,32.0,33.08
2025-01-08,29.0,30.2
2025-01-09,33.0,33.08
2025-01-10,38.0,39.02
2025-01-11,39.0,35.96
2025-01-12,40.0,42.08
2025-01-13,46.0,42.08
2025-01-14,34.0,35.06
2025-01-15,32.0,32.0
2025-01-16,32.0,30.2
2025-01-17,38.0,42.08
2025-01-18,45.0,46.04
2025-01-19,40.0,41.0
2025-01-20,27.0,26.24
2025-01-21,21.0,19.22
2025-01-22,21.0,20.12
2025-01-23,30.0,28.22
2025-01-24,35.0,33.08
2025-01-25,33.0,33.08
2025-01-26,41.0,42.98
2025-01-27,40.0,39.92
2025-01-28,37.0,42.08
2025-01-29,48.0,51.98
2025-01-30,36.0,37.94
2025-01-31,44.0,48.02
2025-02-01,35.0,48.02
2025-02-02,34.0,31.1
2025-02-03,47.0,48.92
2025-02-04,42.0,46.94
2025-02-05,34.0,35.96
2025-02-06,38.0,37.94
2025-02-07,37.0,42.98
2025-02-08,33.0,35.06
2025-02-09,39.0,35.96
2025-02-10,37.0,37.04
2025-02-11,34.0,35.06
2025-02-12,36.0,35.96
2025-02-13,50.0,46.04
2025-02-14,34.0,35.96
2025-02-15,35.0,35.06
2025-02-16,50.0,46.94
2025-02-17,35.0,35.96
2025-02-18,28.0,27.14
2025-02-19,29.0,30.2
2025-02-20,28.0,29.12
2025-02-21,31.0,35.06
2025-02-22,38.0,39.92
2025-02-23,44.0,46.04
2025-02-24,51.0,48.92
2025-02-25,56.0,57.02
2025-02-26,54.0,55.94
2025-02-27,58.0,53.96
2025-02-28,52.0,51.08
2025-03-01,55.0,64.04
2025-03-02,33.0,33.08
2025-03-03,36.0,39.02
2025-03-04,51.0,51.98
2025-03-05,57.0,53.96
2025-03-06,55.0,55.04
2025-03-07,49.0,50.0
2025-03-08,46.0,44.96
2025-03-09,52.0,53.06
2025-03-10,63.0,66.02
2025-03-11,66.0,64.94
2025-03-12,51.0,55.04
2025-03-13,47.0,50.0
2025-03-14,55.0,57.02
2025-03-15,54.0,48.92
2025-03-16,63.0,60.98
2025-03-17,55.0,59.0
2025-03-18,59.0,60.98
2025-03-19,64.0,62.96
2025-03-20,58.0,51.98
2025-03-21,53.0,51.08
2025-03-22,59.0,64.04
2025-03-23,48.0,48.02
2025-03-24,52.0,50.0
2025-03-25,57.0,57.92
2025-03-26,50.0,53.06
2025-03-27,50.0,53.06
2025-03-28,61.0,62.96
2025-03-29,71.0,80.96
2025-03-30,53.0,48.02
2025-03-31,68.0,73.04
2025-04-01,57.0,57.92
2025-04-02,49.0,48.92
2025-04-03,66.0,73.04
2025-04-04,67.0,73.04
2025-04-05,53.0,59.0
2025-04-06,51.0,55.94
2025-04-07,46.0,50.0
2025-04-08,49.0,44.96
2025-04-09,48.0,48.92
2025-04-10,53.0,51.08
2025-04-11,50.0,46.04
2025-04-12,43.0,39.92
2025-04-13,56.0,57.92
2025-04-14,66.0,66.02
2025-04-15,68.0,69.08
2025-04-16,57.0,50.0
2025-04-17,60.0,64.04
2025-04-18,68.0,68.0
2025-04-19,80.0,84.91999999999999
2025-04-20,67.0,73.04
2025-04-21,63.0,57.02
2025-04-22,76.0,82.04
2025-04-23,73.0,75.92
2025-04-24,75.0,77.0
2025-04-25,78.0,77.0
2025-04-26,70.0,73.94
2025-04-27,59.0,59.0
2025-04-28,74.0,75.92
2025-04-29,76.0,78.98
2025-04-30,73.0,73.04
2025-05-01,70.0,71.06
2025-05-02,81.0,84.02
2025-05-03,80.0,84.91999999999999
2025-05-04,70.0,69.08
2025-05-05,66.0,60.98
2025-05-06,69.0,64.04
2025-05-07,73.0,73.94
2025-05-08,74.0,78.08
2025-05-09,64.0,60.08
2025-05-10,70.0,71.96
2025-05-11,75.0,77.0
2025-05-12,74.0,71.96
2025-05-13,73.0,69.08
2025-05-14,65.0,62.06
2025-05-15,74.0,69.08
2025-05-16,77.0,71.96
2025-05-17,82.0,82.04
2025-05-18,75.0,73.04
2025-05-19,73.0,69.08
2025-05-20,66.0,66.92
2025-05-21,56.0,59.0
2025-05-22,54.0,51.08
2025-05-23,61.0,62.96
2025-05-24,61.0,64.04
2025-05-25,68.0,66.02
2025-05-26,71.0,73.04
2025-05-27,74.0,73.94
2025-05-28,65.0,64.94
2025-05-29,70.0,66.92
2025-05-30,77.0,75.02
2025-05-31,68.0,66.92
2025-06-01,70.0,66.02
2025-06-02,72.0,71.06
2025-06-03,80.0,78.98
2025-06-04,84.0,82.94
2025-06-05,89.0,87.08000000000001
2025-06-06,83.0,84.02
2025-06-07,76.0,75.92
2025-06-08,76.0,75.92
2025-06-09,69.0,64.04
2025-06-10,76.0,73.04
2025-06-11,84.0,80.96
2025-06-12,89.0,87.08000000000001
2025-06-13,78.0,78.08
2025-06-14,65.0,68.0
2025-06-15,66.0,64.04
2025-06-16,69.0,69.08
2025-06-17,72.0,66.92
2025-06-18,79.0,84.02
2025-06-19,90.0,87.98
2025-06-20,84.0,82.04
2025-06-21,88.0,86.0
2025-06-22,89.0,87.98
2025-06-23,97.0,96.08
2025-06-24,101.0,98.96
2025-06-25,97.0,96.08
2025-06-26,83.0,84.91999999999999
2025-06-27,74.0,71.96
2025-06-28,81.0,82.94
2025-06-29,89.0,89.06
2025-06-30,88.0,89.96000000000001
2025-07-01,86.0,89.06
2025-07-02,84.0,84.02
2025-07-03,89.0,87.98
2025-07-04,83.0,82.94
2025-07-05,85.0,84.02
2025-07-06,89.0,87.08000000000001
2025-07-07,85.0,87.08000000000001
2025-07-08,91.0,93.02
2025-07-09,89.0,89.96000000000001
2025-07-10,81.0,84.02
2025-07-11,86.0,84.02
2025-07-12,85.0,82.94
2025-07-13,83.0,82.94
2025-07-14,82.0,84.91999999999999
2025-07-15,85.0,86.0
2025-07-16,91.0,87.08000000000001
2025-07-17,93.0,89.96000000000001
2025-07-19,82.0,80.96
2025-07-20,89.0,87.98
2025-07-21,87.0,84.91999999999999
2025-07-22,79.0,80.96
2025-07-23,82.0,80.06
2025-07-24,86.0,87.08000000000001
2025-07-25,92.0,95.0
2025-07-26,86.0,84.91999999999999
2025-07-27,82.0,84.02
2025-07-28,93.0,93.92
2025-07-29,96.0,96.98
2025-07-30,93.0,95.0
2025-07-31,78.0,89.06
2025-08-01,71.0,73.04
2025-08-02,79.0,80.06
2025-08-03,81.0,84.02
2025-08-04,85.0,89.06
2025-08-05,85.0,86.0
2025-08-06,81.0,78.98
2025-08-07,80.0,80.96
2025-08-08,80.0,82.04
2025-08-09,82.0,84.91999999999999
2025-08-10,84.0,89.96000000000001
2025-08-11,86.0,89.06
2025-08-12,89.0,91.04
2025-08-13,86.0,89.06
2025-08-14,89.0,89.06
2025-08-15,86.0,89.06
2025-08-16,83.0,84.02
2025-08-17,87.0,91.04
2025-08-18,74.0,75.02
2025-08-19,75.0,77.0
2025-08-20,68.0,69.98
2025-08-21,74.0,71.96
2025-08-22,80.0,82.94
2025-08-23,82.0,82.04
2025-08-24,81.0,80.06
2025-08-25,83.0,86.0
2025-08-26,78.0,78.98
2025-08-27,75.0,75.02
2025-08-28,77.0,78.08
2025-08-29,76.0,78.08
2025-08-30,74.0,75.92
2025-08-31,76.0,78.98
2025-09-01,75.0,78.08
2025-09-02,76.0,78.98
2025-09-03,77.0,78.98
2025-09-04,80.0,77.0
2025-09-05,84.0,82.04
2025-09-06,82.0,86.0
2025-09-07,71.0,69.08
2025-09-08,73.0,73.04
2025-09-09,73.0,73.04
2025-09-10,64.0,73.04
2025-09-11,79.0,78.98
2025-09-12,76.0,78.08
2025-09-13,76.0,77.0
2025-09-14,80.0,80.96
2025-09-15,78.0,78.98
2025-09-16,75.0,73.94
2025-09-17,67.0,69.98
2025-09-18,80.0,82.94
2025-09-19,82.0,84.02
2025-09-20,72.0,73.04
2025-09-21,70.0,71.06
2025-09-22,74.0,73.04
2025-09-23,76.0,82.94
2025-09-25,75.0,77.0
2025-09-26,82.0,82.04
2025-09-27,80.0,78.98
2025-09-28,82.0,82.94
2025-09-29,79.0,78.08
2025-09-30,80.0,80.96
2025-10-01,71.0,69.08
2025-10-02,66.0,66.02
2025-10-03,72.0,71.06
2025-10-04,83.0,82.04
2025-10-05,84.0,84.02
2025-10-06,82.0,80.06
2025-10-07,79.0,80.06
2025-10-08,71.0,71.96
2025-10-09,62.0,59.0
2025-10-10,62.0,62.06
2025-10-11,66.0,64.04
2025-10-12,60.0,62.96
2025-10-13,58.0,57.92
2025-10-14,64.0,60.98
2025-10-15,69.0,68.0
2025-10-16,61.0,60.98
2025-10-17,64.0,62.96
2025-10-18,67.0,64.94
2025-10-19,72.0,69.98
2025-10-20,64.0,68.0
2025-10-21,68.0,66.02
2025-10-22,66.0,62.06
2025-10-23,59.0,60.08
2025-10-24,60.0,59.0
2025-10-25,59.0,57.92
2025-10-26,60.0,59.0
2025-10-27,57.0,55.04
2025-10-28,57.0,53.96
2025-10-29,56.0,55.94
2025-10-30,61.0,62.96
2025-10-31,60.0,57.92
2025-11-01,58.0,57.92
2025-11-02,60.0,59.0
2025-11-03,62.0,59.0
2025-11-04,60.0,59.0
2025-11-05,67.0,66.02
2025-11-06,55.0,57.02
2025-11-07,58.0,60.98
2025-11-08,64.0,64.94
2025-11-09,63.0,62.96
2025-11-10,56.0,59.0
2025-11-11,44.0,41.0
2025-11-12,50.0,50.0
2025-11-13,52.0,51.08
2025-11-14,52.0,51.08
2025-11-15,51.0,50.0
2025-11-16,54.0,55.94
2025-11-17,46.0,44.06
2025-11-18,47.0,44.96
2025-11-19,47.0,46.94
2025-11-20,49.0,46.94
2025-11-21,54.0,51.98
2025-11-22,54.0,51.98
2025-11-23,54.0,48.92
2025-11-24,52.0,51.98
2025-11-25,53.0,57.92
2025-11-26,66.0,59.0
2025-11-27,48.0,48.92
2025-11-28,43.0,42.98
2025-11-29,42.0,42.08
2025-11-30,48.0,46.94
2025-12-01,41.0,42.98
2025-12-02,41.0,39.92
2025-12-03,40.0,41.0
2025-12-04,41.0,41.0
2025-12-05,33.0,32.0
2025-12-06,42.0,42.08
2025-12-07,43.0,42.98
2025-12-08,31.0,37.94
2025-12-09,34.0,35.06
2025-12-10,44.0,46.94
2025-12-11,38.0,41.0
2025-12-12,34.0,35.06
2025-12-13,40.0,41.0
2025-12-14,31.0,33.08
2025-12-15,28.0,28.94
2025-12-16,34.0,32.0
2025-12-17,46.0,46.94
2025-12-18,51.0,50.0
2025-12-19,53.0,57.92
2025-12-20,39.0,37.94
2025-12-21,41.0,46.04
2025-12-22,38.0,39.02
2025-12-23,38.0,39.92
2025-12-24,41.0,46.04
2025-12-25,48.0,48.92
2025-12-26,31.0,28.94
2025-12-27,33.0,30.92
2025-12-28,39.0,39.02
2025-12-29,49.0,48.92
2025-12-30,34.0,33.08
2025-12-31,34.0,33.08
2026-01-01,29.0,35.96
